gas,rank,n_structures,both_fail_count,tv_only_failure_count,rmsre_only_failure_count,both_pass_count,both_fail_percent,tv_only_failure_percent,rmsre_only_failure_percent,both_pass_percent
CO2,20,1886,19,390,6,1471,1.007423117709438,20.67868504772004,0.3181336161187699,77.99575821845175
CH4,20,1886,13,115,19,1739,0.689289501590668,6.097560975609756,1.007423117709438,92.20572640509013
N2,20,1886,18,76,14,1778,0.9544008483563097,4.029692470837752,0.7423117709437964,94.27359490986214
CO2,25,1886,9,153,3,1721,0.47720042417815484,8.112407211028632,0.15906680805938495,91.25132555673383
CH4,25,1886,3,40,15,1828,0.15906680805938495,2.1208907741251326,0.7953340402969247,96.92470837751856
N2,25,1886,12,24,0,1850,0.6362672322375398,1.2725344644750796,0.0,98.09119830328738
CO2,30,1886,1,66,1,1818,0.053022269353128315,3.499469777306469,0.053022269353128315,96.39448568398727
CH4,30,1886,3,22,0,1861,0.15906680805938495,1.1664899257688228,0.0,98.67444326617179
N2,30,1886,17,29,1,1839,0.9013785790031813,1.5376458112407212,0.053022269353128315,97.50795334040296
CO2,35,1886,2,110,1,1773,0.10604453870625663,5.832449628844114,0.053022269353128315,94.0084835630965
CH4,35,1886,7,23,2,1854,0.3711558854718982,1.2195121951219512,0.10604453870625663,98.3032873806999
N2,35,1886,4,30,0,1852,0.21208907741251326,1.5906680805938493,0.0,98.19724284199364
CO2,40,1886,3,48,0,1835,0.15906680805938495,2.545068928950159,0.0,97.29586426299046
CH4,40,1886,4,13,2,1867,0.21208907741251326,0.689289501590668,0.10604453870625663,98.99257688229056
N2,40,1886,1,6,0,1879,0.053022269353128315,0.3181336161187699,0.0,99.6288441145281
