gas,category,target_percentile,selection_constraint,mof_id,parent_group_id,Nmax,combined_squared_percentile_distance,pca_mlp_tv,deeponet_tv,pca_mlp_rmsre_percent,deeponet_rmsre_percent,pca_mlp_tv_percentile,deeponet_tv_percentile,pca_mlp_rmsre_percent_percentile,deeponet_rmsre_percent_percentile,eligible_candidates,pca_mlp_high_pressure_rmsre_percent,deeponet_high_pressure_rmsre_percent,pca_mlp_high_pressure_mae_N,deeponet_high_pressure_mae_N,pca_mlp_closer_fraction_10_to_100bar,high_pressure_grid_points
CH4,Lower-error,25.0,PCA+MLP TV < DeepONet TV and PCA+MLP RMSRE < DeepONet RMSRE,2017[Zn][pcu]3[ASR]16,1353,115,89.45536961150154,0.0914029540986203,0.1512930332252459,11.792664542474323,31.689139312632108,26.31578947368421,29.66507177033493,26.31578947368421,33.014354066985646,,,,,,,
CH4,Median-error,50.0,PCA+MLP lower TV and full-range RMSRE; lower 10–100 bar RMSRE and MAE; closer at every high-pressure grid point,2009[Zn][zni]3[ASR]3,564,35,998.8324443121724,0.1702109182250601,0.1898585947126831,22.818377596719383,25.34103655607376,47.84688995215311,44.97607655502392,54.066985645933016,19.138755980861244,18.0,0.1831469367761548,5.96659039213607,0.054329442833126,1.6723587472768748,1.0,15.0
CH4,Higher-error,90.0,PCA+MLP TV < DeepONet TV and PCA+MLP RMSRE < DeepONet RMSRE,2006[Zn][dia]3[ASR]3,669,82,133.24786520455098,0.6767443838176791,0.8514686470036917,38.88130943870206,61.05895945993976,93.30143540669856,95.21531100478468,84.688995215311,81.81818181818183,,,,,,,
CO2,Lower-error,25.0,PCA+MLP TV < DeepONet TV and PCA+MLP RMSRE < DeepONet RMSRE,2016[Cd][nan]3[ASR]11,1219,68,329.14768434788573,0.32739756300226,0.3630916568959093,23.414414000947858,51.5361901608522,25.83732057416268,33.49282296650718,34.92822966507177,12.440191387559809,,,,,,,
CO2,Median-error,50.0,PCA+MLP lower TV and full-range RMSRE; lower 10–100 bar RMSRE and MAE; closer at every high-pressure grid point,0000[Ni][dia]3[ASR]1,533,165,1100.4784688995214,0.3617245757845416,0.4208000810695194,44.5511832634224,71.22864894676991,28.22966507177033,38.75598086124402,60.28708133971292,69.85645933014354,11.0,3.4859265338944643,9.622823110138636,4.098760046765758,11.48720676879704,1.0,15.0
CO2,Higher-error,90.0,PCA+MLP TV < DeepONet TV and PCA+MLP RMSRE < DeepONet RMSRE,2019[Ni][kgm]2[ASR]2,534,143,267.6770220461986,0.9993390639643744,0.9999997948976966,68.63389627565432,77.88887215858495,96.17224880382776,99.52153110047848,78.4688995215311,87.5598086124402,,,,,,,
N2,Lower-error,25.0,PCA+MLP TV < DeepONet TV and PCA+MLP RMSRE < DeepONet RMSRE,0000[Co][fsc]3[ASR]1,364,51,240.665277809574,0.055278257827538,0.1547483608962897,11.234554802468953,33.55233426720816,38.27751196172249,19.61722488038277,30.14354066985646,22.00956937799043,,,,,,,
N2,Median-error,50.0,PCA+MLP lower TV and full-range RMSRE; lower 10–100 bar RMSRE and MAE; closer at every high-pressure grid point,2019[Co][rtl]3[ASR]1,300,35,1439.298550857352,0.0769595610075566,0.1512053291935564,13.523402725717729,42.57652707748319,53.11004784688996,18.181818181818183,43.54066985645933,30.62200956937799,16.0,5.507254910332763,15.51139440226562,1.112877906913941,3.0531079078602708,1.0,15.0
N2,Higher-error,90.0,PCA+MLP TV < DeepONet TV and PCA+MLP RMSRE < DeepONet RMSRE,0000[Eu][nan]3[ASR]1,451,22,84.71417778896983,0.1548288600513446,0.4271348239877097,51.69071662600675,80.06873061447907,83.73205741626795,86.1244019138756,92.82296650717704,94.73684210526316,,,,,,,
