iteration,observed_train_rmse,relative_rmse_change
1,0.2023096850977445,
2,0.10915352113136777,0.4604631949348791
3,0.09962256176102381,0.08731701251188512
4,0.08553405968073959,0.14141878939110147
5,0.07839692477394901,0.08344202220063342
6,0.07380767370106525,0.058538661894155665
7,0.0702548571785775,0.048136140110272445
8,0.06739821046782693,0.04066119874800113
9,0.06499364025838886,0.03567706312596999
10,0.06295430203239444,0.03137750428944773
11,0.06115727779211687,0.028544899748914283
12,0.05952220532282434,0.026735533828866554
13,0.058052419073198885,0.024693074486301834
14,0.056768275676659485,0.022120411466750603
15,0.05569355893301355,0.01893164326088219
16,0.05488955277590492,0.014436250304557979
17,0.05458857794920421,0.005483280724284393
18,0.05490740670515201,0.005840576324308745
19,0.055549623036983624,0.011696351555633606
20,0.055275956683863064,0.004926520436301769
21,0.054916753052580855,0.006498370228788337
22,0.054549094862578064,0.006694827526506736
23,0.05418725479395111,0.006633291891249769
24,0.05383456785425318,0.006508669631614161
25,0.05347904510536865,0.006603986305732865
26,0.05305671676315738,0.007897080835664906
27,0.05257965068803948,0.008991624514715132
28,0.052028900472873736,0.01047458870416238
29,0.051650491455752595,0.007273054277178734
30,0.05096863330851651,0.013201387402484098
31,0.050993697560136095,0.0004917583618118414
32,0.050328960912954676,0.013035662816909968
33,0.05017290000255846,0.0031008172544258945
34,0.050067026724089476,0.0021101686062313437
35,0.05002416139677734,0.0008561588358014946
36,0.050063315710910744,0.0007827080562699602
37,0.050223264734798795,0.00319493468654118
38,0.050562488572859714,0.0067543167464753995
39,0.05118016953903531,0.012216189978179678
40,0.052272678937266163,0.021346341914666684
41,0.05461278751802983,0.04476733598391033
42,0.07563341444578354,0.3849030214913307
43,0.0696254918902383,0.07943476569938435
44,0.06809936317236832,0.02191910859711917
45,0.06826077357608887,0.002370218988861807
46,0.06947515424432729,0.01779031506117901
47,0.07045956786660694,0.014169290201468334
48,0.07175927613129288,0.018446157193960172
49,0.07425587245207581,0.03479126958046631
50,0.07887816276643386,0.0622481449846441
