mof_id,parent_group_id,split,CO2_Nmax,CH4_Nmax,N2_Nmax
0000[AsCd][cds]3[ASR]1,678,train,13,4,4
0000[Cd][bcu]3[ASR]1,245,train,120,80,75
0000[Cd][dia]3[ASR]1,181,val,24,34,21
0000[Cd][fsc]3[ASR]1,267,train,110,103,85
0000[Cd][nan]3[ASR]3,679,train,74,56,53
0000[Cd][pcu]3[ASR]1,235,train,174,111,96
0000[Cd][pcu]3[ASR]3,256,train,86,80,67
0000[Cd][pts]3[ASR]1,680,train,26,25,23
0000[Cd][pts]3[ASR]2,681,train,147,116,96
0000[Cd][sql]2[ASR]2,184,train,35,24,21
0000[Cd][sql]2[ASR]3,4,train,45,32,25
0000[CeZr][pth]3[ASR]1,682,train,151,67,68
0000[Co][dia]3[ASR]1,313,test,150,111,103
0000[Co][dia]3[ASR]2,683,train,78,47,52
0000[Co][fsc]3[ASR]1,364,test,64,58,51
0000[Co][ins]3[ASR]1,684,train,55,60,46
0000[Co][ins]3[ASR]2,685,train,47,49,39
0000[Co][ins]3[ASR]3,326,train,48,44,35
0000[Co][mab]3[ASR]1,304,train,19,13,13
0000[Co][nan]2[ASR]1,686,train,87,71,61
0000[Co][nan]2[ASR]2,687,test,39,4,4
0000[Co][nan]3[ASR]1,688,train,52,45,36
0000[Co][nan]3[ASR]10,689,test,94,91,74
0000[Co][nan]3[ASR]11,690,train,130,121,98
0000[Co][nan]3[ASR]12,691,train,142,116,107
0000[Co][nan]3[ASR]16,692,train,54,51,44
0000[Co][nan]3[ASR]17,693,train,142,107,93
0000[Co][nan]3[ASR]3,694,train,102,59,61
0000[Co][nan]3[ASR]4,695,train,89,87,61
0000[Co][nan]3[ASR]6,696,train,100,91,75
0000[Co][nan]3[ASR]7,697,train,95,91,74
0000[Co][nan]3[ASR]9,698,train,97,91,76
0000[Co][pcu]3[ASR]1,339,test,84,53,54
0000[Co][rho]3[ASR]1,29,train,118,79,53
0000[Co][sql]2[ASR]1,699,train,51,40,35
0000[Co][sql]2[ASR]3,309,train,131,124,114
0000[CuSi][pcu]3[ASR]1,54,train,143,115,88
0000[CuTb][stp]3[ASR]1,700,train,69,69,56
0000[Cu][apo]3[ASR]1,421,train,112,107,86
0000[Cu][dia]3[ASR]1,379,train,85,80,66
0000[Cu][etb]3[ASR]1,701,train,142,120,94
0000[Cu][nan]3[ASR]1,409,train,55,46,36
0000[Cu][noz]3[ASR]1,702,train,35,34,31
0000[Cu][srs]3[ASR]1,410,test,54,56,49
0000[Dy][tsi]3[ASR]1,703,train,56,53,48
0000[Er][pcu]3[ASR]1,704,train,84,60,53
0000[Eu][nan]3[ASR]1,451,test,48,27,22
0000[Eu][tsi]3[ASR]1,705,train,61,55,49
0000[Fe][dia]3[ASR]1,706,test,45,39,33
0000[Fe][pcu]3[ASR]2,463,train,79,78,75
0000[Fe][pts]3[ASR]1,86,train,86,67,59
0000[Gd][pcu]3[ASR]2,707,train,112,76,69
0000[Mn][ant]3[ASR]1,495,train,29,27,25
0000[Mn][nan]3[ASR]2,708,train,72,59,50
0000[Mn][sra]3[ASR]1,709,val,75,58,53
0000[NiLa][stp]3[ASR]1,710,train,51,47,35
0000[Ni][dia]3[ASR]1,533,test,165,138,113
0000[Ni][dia]3[ASR]2,711,train,34,35,33
0000[Ni][dia]3[ASR]3,532,train,80,79,76
0000[Ni][pcu]3[ASR]3,712,train,70,64,55
0000[Pr][crs]3[ASR]1,713,train,112,78,66
0000[SiCu][pcu]3[ASR]1,53,train,105,93,81
0000[Tb][nan]3[ASR]1,122,val,17,11,6
0000[Tb][nan]3[ASR]4,538,train,98,78,68
0000[Zn][dia]3[ASR]1,673,train,171,144,120
0000[Zn][dia]3[ASR]4,643,train,148,124,94
0000[Zn][ins]3[ASR]1,602,train,99,78,73
0000[Zn][nan]3[ASR]4,714,train,107,66,61
0000[Zn][nan]3[ASR]5,715,train,21,22,19
0000[Zn][sod]3[ASR]1,578,train,138,122,82
1995[Al][nan]3[ASR]1,716,train,130,118,96
1996[La][nia]3[ASR]1,717,train,142,109,81
1998[Co][nan]3[ASR]1,718,test,70,16,12
2000[Eu][nia]3[ASR]1,719,train,119,50,48
2000[Pr][nia]3[ASR]1,720,train,132,101,71
2001[Cd][nan]3[ASR]1,272,train,26,15,10
2001[Co][dia]3[ASR]1,721,test,47,38,34
2001[Co][dia]3[ASR]2,722,train,47,38,33
2001[Co][dia]3[ASR]3,723,train,60,49,41
2001[Co][dia]3[ASR]4,724,train,51,41,35
2001[Co][nan]3[ASR]1,725,train,40,4,4
2001[Ni][sni]3[ASR]1,726,train,25,22,20
2002[Cr][bpq]3[ASR]1,374,train,142,136,94
2002[Er][nan]3[ASR]1,74,train,106,102,81
2002[Zn][pcu]3[ASR]4,649,train,149,90,42
2003[Al][nan]3[ASR]2,727,val,38,26,25
2003[Cd][pcu]3[ASR]1,218,train,74,4,4
2003[Ce][nia]3[ASR]1,728,train,137,109,79
2003[Co][kag]3[ASR]1,24,train,102,87,69
2003[Co][kag]3[ASR]2,24,train,101,86,69
2003[Co][nan]3[ASR]2,729,train,94,87,70
2003[Co][neb]3[ASR]1,283,train,151,93,79
2003[Co][neb]3[ASR]2,283,train,141,86,73
2003[Co][pts]3[ASR]1,371,train,110,83,74
2003[Co][usf]3[ASR]1,47,train,104,73,59
2003[CuEr][stp]3[ASR]1,730,test,69,69,55
2003[CuEu][stp]3[ASR]1,731,train,69,69,58
2003[CuEu][stp]3[ASR]2,732,test,69,69,57
2003[CuLa][stp]3[ASR]1,733,val,70,69,60
2003[CuLa][stp]3[ASR]2,734,train,71,69,60
2003[CuNd][stp]3[ASR]1,735,test,70,69,59
2003[Cu][pcu]3[ASR]1,403,train,156,119,90
2003[Cu][rob]3[ASR]1,400,train,28,26,25
2003[Cu][rob]3[ASR]2,400,train,30,26,25
2003[Cu][rob]3[ASR]3,400,train,29,26,25
2003[Cu][rob]3[ASR]4,406,train,35,34,28
2003[Cu][rob]3[ASR]5,406,train,35,35,28
2003[Cu][rob]3[ASR]6,406,train,53,46,38
2003[Cu][usf]3[ASR]1,71,train,104,73,59
2003[Mn][dia]3[ASR]1,503,train,83,62,54
2003[Mn][dia]3[ASR]2,503,train,93,66,55
2003[Ni][nan]3[ASR]1,108,train,78,62,42
2003[Ni][noz]3[ASR]1,736,train,35,34,31
2003[V][sea]3[ASR]1,737,train,74,36,29
2004[Al][bpq]3[ASR]1,165,val,177,128,111
2004[Al][bpq]3[ASR]2,165,val,95,97,68
2004[Cd][bnn]3[ASR]1,222,train,75,57,44
2004[Cd][rob]3[ASR]1,738,train,50,34,29
2004[Co][pcu]3[ASR]1,322,train,78,68,59
2004[Co][pcu]3[ASR]2,322,train,50,26,23
2004[Co][rtl]3[ASR]1,361,train,40,39,39
2004[Co][rtl]3[ASR]2,361,train,69,50,38
2004[Cu][asf]3[ASR]1,739,train,86,63,56
2004[Cu][asf]3[ASR]2,740,train,88,57,54
2004[Cu][dia]3[ASR]2,741,train,26,25,23
2004[Cu][dia]3[ASR]3,742,train,26,26,24
2004[Cu][pcu]3[ASR]1,424,train,32,26,26
2004[Eu][nan]3[ASR]1,452,test,27,24,20
2004[Mn][bnn]3[ASR]1,743,train,48,49,28
2004[Mn][bnn]3[ASR]2,744,train,48,20,22
2004[Mn][dia]3[ASR]1,503,train,70,60,53
2004[Mn][dia]3[ASR]2,503,train,71,60,53
2004[Mn][dia]3[ASR]3,503,train,62,56,51
2004[Mn][dia]3[ASR]4,503,train,83,63,54
2004[Mn][dia]3[ASR]6,503,train,78,62,54
2004[Ni][nan]3[ASR]1,108,train,79,63,42
2004[Ni][pcu]3[ASR]1,745,train,163,142,115
2004[Tb][mog]3[ASR]1,123,train,37,33,30
2004[Yb][mog]3[ASR]1,128,train,38,34,31
2004[Zn][nan]3[ASR]1,746,train,99,86,73
2004[Zn][nan]3[ASR]3,747,train,133,119,102
2005[Co][dia]3[ASR]1,368,train,84,79,76
2005[Co][dia]3[ASR]2,368,train,80,79,75
2005[Co][dia]3[ASR]3,368,train,81,79,75
2005[Co][dia]3[ASR]4,368,train,83,80,76
2005[Co][dia]3[ASR]5,368,train,82,80,76
2005[Co][dia]3[ASR]6,368,train,75,56,52
2005[Co][nan]3[ASR]1,748,train,66,59,49
2005[CuSm][stp]3[ASR]1,749,test,69,69,57
2005[Fe][bpq]3[ASR]1,460,val,143,113,95
2005[Fe][dia]3[ASR]2,462,train,94,84,80
2005[Ni][nan]3[ASR]1,750,val,34,34,27
2005[Pr][nan]3[ASR]2,751,train,85,27,34
2005[Tb][nan]3[ASR]1,538,train,99,78,67
2005[Zn][dia]3[ASR]1,669,test,90,83,81
2005[Zn][nan]3[ASR]6,752,test,66,59,50
2005[Zn][pcu]3[ASR]1,618,train,59,58,51
2005[Zn][pyr]3[ASR]1,653,train,69,56,42
2006[Cd][dia]3[ASR]2,263,train,162,129,103
2006[Cd][pyr]3[ASR]1,268,train,70,4,4
2006[Co][dia]3[ASR]1,368,train,82,57,53
2006[Co][nan]3[ASR]1,753,train,53,52,48
2006[Co][nan]3[ASR]2,754,train,68,53,43
2006[Co][nan]3[ASR]3,755,train,66,61,56
2006[Co][nan]3[ASR]4,756,train,64,46,38
2006[Co][nan]3[ASR]5,757,train,68,65,58
2006[Co][nan]3[ASR]6,758,train,64,59,48
2006[Co][sod]3[ASR]1,282,train,66,46,44
2006[CuW][nan]3[ASR]1,759,train,157,148,123
2006[Cu][pcu]3[ASR]1,402,train,40,24,21
2006[Dy][nan]3[ASR]2,442,test,98,78,67
2006[Er][nan]3[ASR]3,445,train,155,91,77
2006[Eu][nan]3[ASR]1,446,train,99,79,68
2006[FeRh][pem]3[ASR]1,760,val,153,111,94
2006[In][bpq]3[ASR]1,477,train,52,62,52
2006[Mg][dia]3[ASR]1,483,train,94,82,78
2006[Mg][dia]3[ASR]2,483,train,97,81,78
2006[Mg][dia]3[ASR]3,483,train,95,83,79
2006[Mg][dia]3[ASR]4,483,train,95,81,78
2006[Mg][dia]3[ASR]5,483,train,134,90,82
2006[Mg][dia]3[ASR]6,483,train,90,81,78
2006[Mg][dia]3[ASR]7,483,train,88,81,78
2006[Mg][dia]3[ASR]8,483,train,104,86,80
2006[Mn][dia]3[ASR]1,503,train,74,61,54
2006[Mn][dia]3[ASR]2,503,train,73,60,53
2006[Mn][dia]3[ASR]3,503,train,72,60,53
2006[Mn][fsc]3[ASR]1,761,train,101,83,64
2006[Mn][fsc]3[ASR]2,762,train,102,78,65
2006[Mn][fsc]3[ASR]3,763,test,103,88,64
2006[Mn][nan]3[ASR]1,764,train,60,58,50
2006[Nd][nan]3[ASR]2,765,train,38,6,6
2006[Ni][ins]3[ASR]1,766,train,52,45,38
2006[Ni][nan]3[ASR]2,767,train,59,54,43
2006[Ni][nan]3[ASR]3,768,train,53,52,47
2006[Ni][nan]3[ASR]4,769,val,52,52,47
2006[Ni][nan]3[ASR]6,770,train,17,4,4
2006[V][bpq]3[ASR]1,544,train,163,150,110
2006[V][bpq]3[ASR]2,544,train,154,109,87
2006[V][bpq]3[ASR]3,544,train,157,132,97
2006[V][bpq]3[ASR]4,544,train,154,110,87
2006[V][bpq]3[ASR]5,544,train,86,76,59
2006[Y][nan]3[ASR]2,549,train,156,96,79
2006[ZnSi][cds]3[ASR]1,771,train,114,116,102
2006[Zn][crb]3[ASR]1,563,train,133,100,82
2006[Zn][dia]3[ASR]10,669,test,99,80,79
2006[Zn][dia]3[ASR]3,669,test,90,82,79
2006[Zn][dia]3[ASR]4,669,test,92,82,80
2006[Zn][dia]3[ASR]5,669,test,87,80,79
2006[Zn][dia]3[ASR]6,669,test,143,94,85
2006[Zn][dia]3[ASR]7,669,test,81,80,78
2006[Zn][dia]3[ASR]8,669,test,101,81,79
2006[Zn][dia]3[ASR]9,669,test,79,79,78
2006[Zn][nan]3[ASR]1,772,train,72,43,51
2006[Zn][nan]3[ASR]2,773,train,74,47,56
2006[Zn][nan]3[ASR]4,774,train,27,25,8
2006[Zn][nan]3[ASR]5,775,train,76,51,46
2006[Zn][nan]3[ASR]6,776,train,62,47,42
2006[Zn][sod]3[ASR]1,578,train,133,116,78
2006[Zn][tfw]3[ASR]1,777,train,90,58,53
2007[Cd][nan]3[ASR]2,778,val,52,48,39
2007[Co][nan]3[ASR]1,779,test,18,4,4
2007[Co][noz]3[ASR]1,780,train,35,34,30
2007[CuGd][stp]3[ASR]1,781,train,69,69,57
2007[CuNd][stp]3[ASR]1,782,train,70,69,59
2007[CuSm][stp]3[ASR]1,783,train,70,69,60
2007[Dy][bnn]3[ASR]1,784,train,161,148,119
2007[Fe][dia]3[ASR]1,462,train,88,84,80
2007[Fe][dia]3[ASR]10,462,train,84,80,78
2007[Fe][dia]3[ASR]11,462,train,87,82,79
2007[Fe][dia]3[ASR]12,462,train,96,85,81
2007[Fe][dia]3[ASR]13,462,train,104,83,80
2007[Fe][dia]3[ASR]14,462,train,117,85,81
2007[Fe][dia]3[ASR]15,462,train,96,62,57
2007[Fe][dia]3[ASR]16,462,train,80,80,78
2007[Fe][dia]3[ASR]17,462,train,85,81,79
2007[Fe][dia]3[ASR]18,462,train,92,84,80
2007[Fe][dia]3[ASR]19,462,train,105,84,81
2007[Fe][dia]3[ASR]2,462,train,95,86,82
2007[Fe][dia]3[ASR]20,462,train,110,85,81
2007[Fe][dia]3[ASR]21,462,train,87,60,56
2007[Fe][dia]3[ASR]22,462,train,97,86,81
2007[Fe][dia]3[ASR]23,462,train,101,88,82
2007[Fe][dia]3[ASR]24,462,train,75,61,56
2007[Fe][dia]3[ASR]3,462,train,105,90,84
2007[Fe][dia]3[ASR]4,462,train,92,84,80
2007[Fe][dia]3[ASR]5,462,train,99,86,81
2007[Fe][dia]3[ASR]6,462,train,128,90,84
2007[Fe][dia]3[ASR]7,462,train,99,66,58
2007[Fe][dia]3[ASR]8,462,train,102,68,59
2007[Fe][dia]3[ASR]9,462,train,116,72,61
2007[Gd][bnn]3[ASR]1,785,train,162,125,112
2007[La][nan]3[ASR]3,786,train,66,32,30
2007[Mg][dia]3[ASR]1,483,train,86,81,78
2007[Mn][dia]3[ASR]1,503,train,67,59,52
2007[Mn][dia]3[ASR]2,503,train,78,62,53
2007[Mn][dia]3[ASR]3,503,train,58,42,36
2007[Mn][dia]3[ASR]4,503,train,58,43,36
2007[Mn][dia]3[ASR]5,503,train,84,64,55
2007[Mn][nan]3[ASR]1,787,train,37,35,34
2007[Nd][bcu]3[ASR]1,788,val,52,30,45
2007[Ni][pcu]3[ASR]1,512,train,92,86,69
2007[Ni][pcu]3[ASR]2,512,train,93,81,67
2007[Pr][bnn]3[ASR]2,789,train,168,126,113
2007[Sm][bnn]3[ASR]1,790,train,168,127,113
2007[V][bpq]3[ASR]1,544,train,162,146,108
2007[Zn][crb]3[ASR]1,563,train,139,101,83
2007[Zn][dia]3[ASR]1,133,train,69,70,67
2007[Zn][dia]3[ASR]4,611,train,152,126,111
2007[Zn][lta]3[ASR]1,131,train,163,122,92
2007[Zn][lta]3[ASR]2,558,train,166,123,98
2007[Zn][nan]3[ASR]11,791,train,170,146,124
2007[Zn][nan]3[ASR]13,792,train,143,106,95
2007[Zn][pts]3[ASR]1,676,train,89,72,59
2007[Zn][sod]3[ASR]1,578,train,135,117,80
2008[Al][bpq]3[ASR]4,165,val,181,134,115
2008[Cd][dia]3[ASR]1,793,train,52,43,38
2008[Cd][nan]3[ASR]1,794,train,18,18,12
2008[Cd][rho]3[ASR]1,795,train,121,82,55
2008[Cd][rho]3[ASR]2,796,train,119,82,54
2008[Co][dia]3[ASR]1,368,train,99,81,77
2008[Co][dia]3[ASR]2,368,train,82,79,75
2008[Co][dia]3[ASR]3,368,train,94,80,77
2008[Co][dia]3[ASR]4,368,train,89,81,76
2008[Co][dia]3[ASR]5,368,train,79,57,52
2008[Co][mog]3[ASR]1,366,train,52,52,47
2008[Co][pcu]3[ASR]1,321,train,64,44,37
2008[Co][rob]3[ASR]1,797,train,52,48,41
2008[Co][sod]3[ASR]1,798,val,157,129,87
2008[Co][sod]3[ASR]2,293,train,129,110,74
2008[Co][sql]2[ASR]1,39,test,20,19,19
2008[Co][sql]2[ASR]2,39,test,20,19,19
2008[CuLa][stp]3[ASR]1,799,val,70,69,60
2008[CuLa][stp]3[ASR]2,800,train,71,69,61
2008[CuLa][stp]3[ASR]3,801,train,71,69,61
2008[CuLa][stp]3[ASR]4,802,train,71,69,60
2008[CuLa][stp]3[ASR]5,803,train,70,70,61
2008[CuLa][stp]3[ASR]6,804,train,71,70,61
2008[CuW][acs]3[ASR]1,375,train,166,96,65
2008[Cu][mab]3[ASR]1,408,train,51,45,31
2008[Cu][rob]3[ASR]1,399,train,30,27,25
2008[Cu][rob]3[ASR]2,399,train,30,26,24
2008[Cu][rob]3[ASR]3,395,train,57,51,42
2008[Cu][rob]3[ASR]4,399,train,29,26,25
2008[Cu][rob]3[ASR]5,395,train,59,52,43
2008[Eu][nan]3[ASR]3,805,train,29,6,6
2008[Fe][bpq]3[ASR]1,460,val,147,114,97
2008[Fe][nan]3[ASR]1,806,train,98,58,56
2008[Gd][pcu]3[ASR]1,468,train,153,109,85
2008[Mg][dia]3[ASR]1,483,train,96,83,79
2008[Mg][dia]3[ASR]2,483,train,91,81,78
2008[Mn][dia]3[ASR]1,503,train,92,64,55
2008[Mn][dia]3[ASR]3,503,train,79,63,54
2008[Mn][dia]3[ASR]4,503,train,78,61,53
2008[Ni][ins]3[ASR]1,807,train,44,57,44
2008[Ni][nan]3[ASR]1,808,train,43,47,32
2008[Ni][tfz]3[ASR]1,113,train,129,116,98
2008[SiZn][bnn]3[ASR]1,809,test,44,37,32
2008[Y][nan]3[ASR]1,547,train,96,78,66
2008[Zn][cdq]3[ASR]1,620,train,168,140,117
2008[Zn][nan]3[ASR]1,810,train,40,36,30
2008[Zn][nan]3[ASR]10,811,train,79,50,47
2008[Zn][nan]3[ASR]11,812,train,135,108,91
2008[Zn][nan]3[ASR]13,813,train,26,17,18
2008[Zn][nan]3[ASR]23,814,train,35,13,21
2008[Zn][nan]3[ASR]5,815,val,123,79,83
2008[Zn][pcu]3[ASR]4,141,test,160,136,120
2008[Zn][tfw]3[ASR]1,816,val,79,48,47
2008[Zn][ths]3[ASR]1,817,train,132,94,81
2008[Zn][zni]3[ASR]1,564,test,35,35,34
2009[Al][nan]3[ASR]1,818,train,109,78,88
2009[Cd][bcu]3[ASR]1,274,train,128,100,83
2009[Cd][cds]3[ASR]1,819,train,47,25,23
2009[Cd][dia]3[ASR]1,820,test,45,37,29
2009[Cd][met]3[ASR]1,168,train,50,47,38
2009[Cd][nan]3[ASR]4,821,test,55,59,49
2009[Cd][nan]3[ASR]5,822,train,7,4,4
2009[Cd][nan]3[ASR]6,823,train,131,110,95
2009[Cd][pcu]3[ASR]1,824,train,120,94,71
2009[Cd][tfz]3[ASR]1,242,train,59,29,26
2009[Co][lvt]3[ASR]1,28,train,132,84,72
2009[Co][pcu]3[ASR]2,369,train,79,78,71
2009[CuTb][stp]3[ASR]1,825,train,69,69,57
2009[CuW][nan]3[ASR]1,826,train,120,88,62
2009[Cu][lcv]3[ASR]1,441,train,144,104,71
2009[Cu][pcu]3[ASR]2,405,train,20,17,17
2009[Cu][rho]3[ASR]1,61,train,134,111,73
2009[DyCu][stp]3[ASR]1,827,train,69,69,56
2009[Eu][pcu]3[ASR]1,828,test,102,52,48
2009[Eu][pcu]3[ASR]2,449,val,160,113,90
2009[Ga][bpq]3[ASR]1,466,val,131,96,84
2009[Ga][bpq]3[ASR]2,466,val,113,85,75
2009[La][nan]3[ASR]1,829,train,29,25,24
2009[La][pcu]3[ASR]1,91,train,125,83,71
2009[Mn][mog]3[ASR]1,830,val,125,108,87
2009[Mn][nan]3[ASR]2,831,train,134,106,90
2009[Mn][nan]3[ASR]8,832,train,39,39,36
2009[Ni][pcu]3[ASR]2,833,train,154,133,107
2009[Ni][tfi]3[ASR]2,834,val,105,63,61
2009[ZnSi][pcu]3[ASR]1,120,train,29,52,46
2009[Zn][ana]3[ASR]1,583,train,92,97,46
2009[Zn][dia]3[ASR]2,148,train,41,35,34
2009[Zn][nan]3[ASR]1,613,train,136,123,105
2009[Zn][nan]3[ASR]10,835,train,72,54,48
2009[Zn][nan]3[ASR]15,836,val,58,59,55
2009[Zn][nan]3[ASR]4,613,train,135,124,105
2009[Zn][pcu]3[ASR]5,639,train,26,8,14
2009[Zn][pcu]3[ASR]6,615,train,67,47,38
2009[Zn][pcu]3[ASR]7,626,train,68,44,38
2009[Zn][pcu]3[ASR]8,625,train,56,36,36
2009[Zn][sod]3[ASR]1,578,train,141,123,85
2009[Zn][sod]3[ASR]2,578,train,148,129,89
2009[Zn][sod]3[ASR]3,578,train,147,128,88
2009[Zn][sod]3[ASR]4,578,train,142,125,86
2009[Zn][sod]3[ASR]5,578,train,143,134,79
2009[Zn][sod]3[ASR]6,578,train,147,128,88
2009[Zn][sod]3[ASR]7,578,train,148,128,88
2009[Zn][sod]3[ASR]8,578,train,141,124,85
2009[Zn][zni]3[ASR]1,564,test,35,35,34
2009[Zn][zni]3[ASR]2,564,test,35,35,34
2009[Zn][zni]3[ASR]3,564,test,35,35,34
2010[Al][bpq]3[ASR]1,165,val,191,184,143
2010[Al][bpq]3[ASR]2,165,val,143,137,103
2010[Cd][cds]3[ASR]1,837,train,67,56,51
2010[Cd][dia]3[ASR]1,192,train,50,40,37
2010[Cd][dia]3[ASR]2,249,val,50,37,28
2010[Cd][dia]3[ASR]3,249,val,72,50,51
2010[Cd][dia]3[ASR]5,1,train,38,20,19
2010[Cd][fsc]3[ASR]1,838,val,81,62,56
2010[Cd][nan]3[ASR]10,839,train,66,50,34
2010[Cd][nan]3[ASR]13,840,test,97,92,67
2010[Cd][nan]3[ASR]4,841,train,171,146,108
2010[Cd][nbo]3[ASR]1,229,train,163,131,103
2010[Cd][umc]3[ASR]1,7,train,45,53,44
2010[CoLa][pcu]3[ASR]1,276,train,93,59,56
2010[CoYb][pth]3[ASR]1,20,train,87,57,54
2010[Co][nan]3[ASR]10,842,train,78,51,45
2010[Co][nan]3[ASR]2,843,train,79,52,49
2010[Co][nan]3[ASR]7,844,val,33,33,27
2010[Co][nbo]3[ASR]1,50,train,112,97,79
2010[Co][pcu]3[ASR]1,344,train,35,26,26
2010[Co][pcu]3[ASR]2,344,train,32,26,26
2010[Co][pts]3[ASR]1,329,test,44,36,22
2010[Co][pts]3[ASR]2,845,train,80,64,58
2010[Co][tfz]3[ASR]1,846,val,48,39,34
2010[Cu][fsc]3[ASR]1,847,train,39,39,34
2010[Cu][nan]3[ASR]17,848,train,111,88,55
2010[Cu][pcu]3[ASR]1,424,train,32,26,26
2010[Cu][rtl]3[ASR]1,415,train,121,98,76
2010[Cu][ths]3[ASR]1,440,test,136,102,79
2010[Dy][nan]3[ASR]1,442,test,99,78,67
2010[Er][mog]3[ASR]1,75,train,120,90,71
2010[Er][mog]3[ASR]2,76,val,77,60,58
2010[Er][nan]3[ASR]1,444,train,96,77,66
2010[Er][nan]3[ASR]2,444,train,97,77,66
2010[Eu][flu]3[ASR]1,849,train,152,123,97
2010[Eu][llj]3[ASR]1,450,test,138,114,104
2010[Eu][mog]3[ASR]1,850,train,109,78,70
2010[Fe][bpq]3[ASR]3,460,val,162,157,112
2010[Fe][nbo]3[ASR]1,458,val,190,182,138
2010[Fe][nbo]3[ASR]2,84,train,123,108,88
2010[Fe][nbo]3[ASR]3,85,train,121,103,85
2010[Ga][nan]3[ASR]1,851,test,73,54,67
2010[Gd][flu]3[ASR]1,852,val,156,125,98
2010[Gd][llj]3[ASR]1,469,train,127,109,103
2010[Mn][nan]3[ASR]4,853,train,78,51,44
2010[Mn][nan]3[ASR]5,854,train,63,50,41
2010[Mn][nan]3[ASR]6,855,train,53,52,49
2010[Mn][nan]3[ASR]7,856,train,90,58,51
2010[Mn][nan]3[ASR]8,857,train,88,58,50
2010[Mn][nan]3[ASR]9,858,train,89,58,51
2010[Mn][pcu]3[ASR]1,95,val,142,121,90
2010[Mn][pts]3[ASR]1,100,train,80,64,58
2010[Nd][flu]3[ASR]1,859,train,155,124,98
2010[Nd][nan]3[ASR]2,505,train,92,77,65
2010[Ni][nan]3[ASR]1,860,train,55,48,41
2010[Sm][flu]3[ASR]1,861,test,156,125,98
2010[Tb][llj]3[ASR]1,541,train,123,106,101
2010[Tb][nan]3[ASR]1,538,train,98,79,68
2010[Y][htp]3[ASR]1,862,test,71,60,58
2010[Yb][nan]3[ASR]1,546,train,96,78,68
2010[Yb][nan]3[ASR]2,546,train,96,78,68
2010[Zn][cds]3[ASR]1,146,train,52,49,42
2010[Zn][etb]3[ASR]1,863,train,78,71,61
2010[Zn][nan]3[ASR]1,864,train,39,38,30
2010[Zn][nan]3[ASR]15,865,train,75,50,44
2010[Zn][qtz]3[ASR]1,661,val,119,102,81
2010[Zn][srs]3[ASR]1,866,train,126,95,91
2010[Zn][tfz]3[ASR]1,867,val,43,38,33
2010[Zn][tfz]3[ASR]2,868,train,100,98,80
2010[Zr][sqc]3[ASR]1,869,train,100,39,37
2011[Cd][bcu]3[ASR]2,870,train,172,142,115
2011[Cd][dia]3[ASR]2,248,train,151,102,95
2011[Cd][dia]3[ASR]3,248,train,135,104,92
2011[Cd][dia]3[ASR]4,238,train,89,71,66
2011[Cd][dia]3[ASR]5,234,train,33,26,17
2011[Cd][nan]3[ASR]4,871,train,85,64,55
2011[Cd][nan]3[ASR]5,872,train,51,37,36
2011[Cd][nan]3[ASR]7,873,test,23,39,30
2011[Cd][pcu]3[ASR]1,874,train,86,70,57
2011[Cd][pcu]3[ASR]3,264,train,63,55,51
2011[Cd][pts]3[ASR]1,231,train,47,18,11
2011[CeCu][stp]3[ASR]1,875,train,70,69,60
2011[Ce][nan]3[ASR]2,876,train,153,111,94
2011[Co][cds]3[ASR]1,877,train,112,81,64
2011[Co][crb]3[ASR]1,285,train,159,135,116
2011[Co][dia]3[ASR]1,346,train,130,93,91
2011[Co][dia]3[ASR]2,333,test,85,64,57
2011[Co][dia]3[ASR]3,31,train,178,180,138
2011[Co][dia]3[ASR]5,310,train,162,141,118
2011[Co][fsc]3[ASR]1,878,test,175,143,107
2011[Co][hex]3[ASR]1,879,train,120,101,80
2011[Co][hex]3[ASR]2,880,train,120,100,80
2011[Co][mok]3[ASR]1,353,train,167,136,118
2011[Co][nan]3[ASR]10,881,train,128,124,119
2011[Co][nan]3[ASR]11,882,train,128,123,119
2011[Co][nan]3[ASR]14,883,train,73,65,54
2011[Co][nan]3[ASR]4,884,train,20,19,19
2011[Co][nan]3[ASR]5,885,train,67,60,52
2011[Co][nan]3[ASR]6,886,val,66,58,51
2011[Co][nan]3[ASR]7,887,train,66,59,53
2011[Co][nan]3[ASR]9,888,test,91,72,64
2011[Co][rtl]3[ASR]1,336,train,142,121,95
2011[Co][rtl]3[ASR]2,361,train,45,28,27
2011[Cr][bpq]3[ASR]2,374,train,159,150,109
2011[CuEr][stp]3[ASR]1,889,train,69,69,54
2011[CuGd][stp]3[ASR]1,890,train,70,69,57
2011[CuLa][stp]3[ASR]1,891,train,70,69,60
2011[CuLa][stp]3[ASR]2,892,train,69,69,61
2011[CuNd][stp]3[ASR]1,893,val,70,69,59
2011[CuSm][stp]3[ASR]1,894,val,69,69,57
2011[CuW][dia]3[ASR]1,376,val,55,38,32
2011[Cu][apo]3[ASR]1,65,test,158,152,118
2011[Cu][nan]3[ASR]6,895,train,7,4,4
2011[Cu][nbo]3[ASR]1,437,test,169,149,123
2011[Cu][nbo]3[ASR]2,437,test,146,129,102
2011[Cu][nbo]3[ASR]3,437,test,164,146,119
2011[Cu][rtl]3[ASR]1,420,train,140,120,94
2011[Fe][dia]3[ASR]1,464,train,158,139,119
2011[Gd][nan]3[ASR]2,467,train,100,78,68
2011[Gd][nan]3[ASR]3,467,train,90,76,63
2011[Gd][nan]3[ASR]4,467,train,92,76,64
2011[Gd][nan]3[ASR]5,467,train,104,81,70
2011[HoCu][stp]3[ASR]1,896,train,69,69,56
2011[HoCu][stp]3[ASR]2,897,train,69,69,55
2011[Mn][ant]3[ASR]1,492,train,18,4,4
2011[Mn][apo]3[ASR]1,490,test,128,116,90
2011[Mn][nan]3[ASR]2,898,train,59,56,42
2011[Mn][nan]3[ASR]3,899,train,59,57,45
2011[Mn][rtl]3[ASR]1,491,test,133,118,91
2011[Nd][nan]3[ASR]2,900,train,145,96,88
2011[Ni][dia]3[ASR]1,527,train,101,105,103
2011[Ni][fsy]3[ASR]1,517,train,124,95,73
2011[Ni][hex]3[ASR]1,901,train,115,98,77
2011[Ni][nan]3[ASR]2,902,train,58,43,25
2011[Pr][nan]3[ASR]2,903,train,47,39,37
2011[Sc][bpq]3[ASR]1,537,train,114,94,78
2011[Sc][nan]3[ASR]3,904,train,58,44,26
2011[Sc][nan]3[ASR]4,905,train,55,41,24
2011[Sc][nan]3[ASR]5,906,train,55,45,28
2011[Sc][nan]3[ASR]6,907,train,64,42,23
2011[Sc][nan]3[ASR]7,908,test,60,41,22
2011[Sc][nan]3[ASR]8,909,train,58,42,24
2011[V][bpq]3[ASR]1,910,test,103,76,65
2011[V][bpq]3[ASR]2,544,train,159,130,101
2011[V][bpq]3[ASR]3,544,train,161,142,106
2011[V][bpq]3[ASR]4,544,train,158,132,98
2011[V][bpq]3[ASR]5,544,train,161,136,102
2011[V][bpq]3[ASR]6,544,train,156,109,92
2011[V][bpq]3[ASR]7,544,train,161,138,104
2011[V][bpq]3[ASR]8,544,train,162,128,100
2011[Zn][dia]3[ASR]1,609,train,84,66,63
2011[Zn][dia]3[ASR]10,650,train,55,41,31
2011[Zn][dia]3[ASR]12,590,train,161,138,120
2011[Zn][dia]3[ASR]13,591,train,135,112,92
2011[Zn][dia]3[ASR]2,570,train,46,41,38
2011[Zn][dia]3[ASR]4,586,train,50,40,37
2011[Zn][dia]3[ASR]7,650,train,55,37,30
2011[Zn][dia]3[ASR]8,650,train,52,35,31
2011[Zn][dia]3[ASR]9,650,train,51,32,32
2011[Zn][dmp]3[ASR]2,635,train,67,50,47
2011[Zn][dmp]3[ASR]3,911,train,105,85,73
2011[Zn][flu]3[ASR]1,912,train,47,29,27
2011[Zn][nan]3[ASR]14,913,train,47,35,32
2011[Zn][nan]3[ASR]22,914,train,79,59,57
2011[Zn][nan]3[ASR]26,915,val,25,26,22
2011[Zn][nan]3[ASR]30,916,train,98,81,70
2011[Zn][nan]3[ASR]33,917,train,67,67,60
2011[Zn][pcu]3[ASR]19,646,train,137,112,95
2011[Zn][pcu]3[ASR]2,652,train,38,26,26
2011[Zn][pcu]3[ASR]22,918,train,21,21,18
2011[Zn][rob]3[ASR]1,619,train,55,49,40
2011[Zn][rob]3[ASR]2,619,train,57,50,41
2011[Zn][sod]3[ASR]1,578,train,139,125,81
2011[Zn][sod]3[ASR]2,578,train,136,118,80
2011[Zn][sod]3[ASR]3,578,train,139,122,83
2011[Zn][sod]3[ASR]4,578,train,138,122,83
2011[Zn][uni]3[ASR]1,919,test,145,117,85
2011[Zn][uni]3[ASR]2,920,train,140,113,79
2011[Zn][uni]3[ASR]3,921,train,146,117,85
2011[Zn][uni]3[ASR]4,922,train,140,114,80
2011[Zn][uni]3[ASR]5,923,train,143,118,85
2011[Zn][uni]3[ASR]6,924,train,145,115,81
2012[Al][nan]3[ASR]1,925,train,26,18,16
2012[Cd][dia]3[ASR]1,926,val,36,35,33
2012[Cd][dia]3[ASR]2,927,train,36,35,33
2012[Cd][dia]3[ASR]3,928,train,35,34,31
2012[Cd][dia]3[ASR]4,929,train,99,72,72
2012[Cd][etb]3[ASR]1,930,train,179,135,111
2012[Cd][nan]3[ASR]3,931,train,77,50,42
2012[Cd][nan]3[ASR]6,932,train,27,27,26
2012[Cd][nan]3[ASR]7,933,train,53,50,40
2012[Cd][pcu]3[ASR]3,934,train,27,21,17
2012[Cd][pcu]3[ASR]4,935,train,93,75,62
2012[Cd][uni]3[ASR]1,205,val,65,34,30
2012[Co][dia]3[ASR]2,359,train,60,48,43
2012[Co][dia]3[ASR]5,373,train,114,104,85
2012[Co][dia]3[ASR]7,936,train,51,42,36
2012[Co][ecu]3[ASR]1,360,train,107,95,74
2012[Co][ecu]3[ASR]2,360,train,103,84,69
2012[Co][ecu]3[ASR]3,360,train,100,84,68
2012[Co][ecu]3[ASR]4,360,train,103,85,70
2012[Co][ecu]3[ASR]5,360,train,105,88,71
2012[Co][ecu]3[ASR]6,360,train,100,82,66
2012[Co][ecu]3[ASR]7,360,train,108,87,71
2012[Co][ecu]3[ASR]8,360,train,109,86,70
2012[Co][fsc]3[ASR]1,937,train,97,70,60
2012[Co][hms]3[ASR]1,938,val,101,67,61
2012[Co][ins]3[ASR]1,939,train,58,43,38
2012[Co][nan]3[ASR]1,940,train,72,50,43
2012[Co][nan]3[ASR]11,941,train,82,71,59
2012[Co][nan]3[ASR]4,942,train,167,141,118
2012[Co][nan]3[ASR]5,943,train,51,37,35
2012[Co][pcb]3[ASR]1,48,train,85,73,58
2012[Co][pcu]3[ASR]2,25,train,92,81,65
2012[Co][pcu]3[ASR]3,944,train,169,144,115
2012[Co][pcu]3[ASR]4,43,train,38,21,21
2012[Co][pcu]3[ASR]5,280,train,13,13,13
2012[Co][pcu]3[ASR]6,322,train,102,84,72
2012[Co][pcu]3[ASR]7,33,train,65,36,35
2012[Co][pcu]3[ASR]8,318,train,65,62,47
2012[Co][pcu]3[ASR]9,344,train,37,26,26
2012[Co][rho]3[ASR]1,29,train,117,79,52
2012[Co][rtl]3[ASR]1,370,train,52,52,51
2012[Co][rtl]3[ASR]2,361,train,46,27,27
2012[Co][sqp]3[ASR]1,945,train,36,28,26
2012[Co][sqp]3[ASR]2,946,train,38,28,26
2012[CuLa][stp]3[ASR]1,947,train,13,13,13
2012[CuNb][pcu]3[ASR]1,51,train,59,4,22
2012[CuV][pcu]3[ASR]1,57,train,59,4,9
2012[CuW][dia]3[ASR]1,376,val,49,37,31
2012[Cu][apo]3[ASR]1,427,train,153,99,90
2012[Cu][apo]3[ASR]2,413,train,116,104,82
2012[Cu][met]3[ASR]1,378,train,61,67,51
2012[Cu][pcu]3[ASR]5,59,train,145,121,103
2012[Cu][pts]3[ASR]1,70,train,69,51,44
2012[Cu][rob]3[ASR]1,406,train,72,56,47
2012[Cu][rob]3[ASR]2,381,train,86,75,56
2012[Cu][rtl]3[ASR]1,419,train,102,58,55
2012[Cu][rtl]3[ASR]2,417,train,113,104,78
2012[Cu][unc]3[ASR]1,948,val,52,26,24
2012[Cu][unc]3[ASR]10,949,val,52,26,24
2012[Cu][unc]3[ASR]11,950,train,52,27,24
2012[Cu][unc]3[ASR]2,951,test,52,26,24
2012[Cu][unc]3[ASR]3,952,train,52,26,24
2012[Cu][unc]3[ASR]4,953,train,52,27,25
2012[Cu][unc]3[ASR]5,954,train,52,27,25
2012[Cu][unc]3[ASR]6,955,val,52,27,25
2012[Cu][unc]3[ASR]7,956,train,52,27,25
2012[Cu][unc]3[ASR]8,957,train,52,26,24
2012[Cu][unc]3[ASR]9,958,train,52,27,24
2012[Eu][nan]3[ASR]1,959,train,134,101,91
2012[Eu][pcu]3[ASR]1,960,train,105,77,71
2012[Fe][bpq]3[ASR]1,460,val,161,155,111
2012[In][bpq]3[ASR]1,474,train,39,35,34
2012[In][sqc]3[ASR]2,961,test,66,61,46
2012[La][nan]3[ASR]1,962,train,149,103,93
2012[Lu][nan]3[ASR]2,481,train,94,78,66
2012[Mn][dia]3[ASR]1,963,train,108,104,95
2012[Mn][llj]3[ASR]1,964,train,14,9,9
2012[Mn][nan]3[ASR]3,965,train,155,112,76
2012[Mn][pcu]3[ASR]1,96,train,26,17,17
2012[Mn][pcu]3[ASR]2,96,train,41,23,19
2012[Mn][pcu]3[ASR]3,96,train,26,17,17
2012[Ni][bcu]3[ASR]1,514,train,58,38,39
2012[Ni][dia]3[ASR]1,527,train,105,105,102
2012[Ni][dia]3[ASR]2,525,test,98,86,68
2012[Ni][ins]3[ASR]1,966,train,58,43,38
2012[Ni][nan]3[ASR]1,967,train,73,52,48
2012[Ni][nan]3[ASR]4,968,train,83,72,61
2012[Ni][rtl]3[ASR]1,115,train,155,123,106
2012[Ni][rtl]3[ASR]2,115,train,159,148,117
2012[PrCu][stp]3[ASR]1,969,train,13,13,13
2012[Sm][nan]3[ASR]3,970,train,52,49,38
2012[Tb][nan]3[ASR]2,971,train,133,100,91
2012[Tb][pcu]3[ASR]1,972,train,105,77,71
2012[Tm][mog]3[ASR]1,973,test,137,64,53
2012[Zn][ant]3[ASR]2,154,train,104,102,81
2012[Zn][dia]3[ASR]3,571,train,22,27,16
2012[Zn][dmp]3[ASR]1,139,train,105,69,67
2012[Zn][dmp]3[ASR]2,139,train,118,99,81
2012[Zn][dmp]3[ASR]3,974,train,116,100,82
2012[Zn][etb]3[ASR]1,975,train,73,69,57
2012[Zn][etb]3[ASR]2,976,train,78,70,61
2012[Zn][hex]3[ASR]1,977,val,122,103,84
2012[Zn][jph]3[ASR]1,145,train,79,78,71
2012[Zn][nan]3[ASR]10,978,test,129,113,99
2012[Zn][nan]3[ASR]2,979,test,129,113,100
2012[Zn][nan]3[ASR]28,662,train,51,36,33
2012[Zn][nbo]3[ASR]3,980,train,168,115,90
2012[Zn][nia]3[ASR]1,981,train,123,100,79
2012[Zn][nod]3[ASR]1,132,train,90,65,60
2012[Zn][npo]3[ASR]1,982,train,158,122,92
2012[Zn][rob]3[ASR]1,619,train,54,51,42
2012[Zn][sod]3[ASR]1,983,train,131,113,78
2012[Zn][sod]3[ASR]10,578,train,167,129,77
2012[Zn][sod]3[ASR]12,578,train,168,127,78
2012[Zn][sod]3[ASR]13,578,train,143,127,86
2012[Zn][sod]3[ASR]2,578,train,134,116,80
2012[Zn][sod]3[ASR]3,578,train,139,122,83
2012[Zn][sod]3[ASR]4,578,train,135,115,79
2012[Zn][sod]3[ASR]6,578,train,144,126,87
2012[Zn][sod]3[ASR]7,578,train,143,126,87
2012[Zn][sod]3[ASR]8,578,train,143,127,83
2012[Zn][sod]3[ASR]9,578,train,167,128,77
2013[CdSi][bcu]3[ASR]1,0,train,82,67,56
2013[CdSi][pcu]3[ASR]1,0,train,43,34,29
2013[CdSi][pcu]3[ASR]2,0,train,103,81,76
2013[Cd][bnn]3[ASR]1,201,train,79,59,49
2013[Cd][crs]3[ASR]1,188,train,88,70,69
2013[Cd][dia]3[ASR]1,181,val,26,34,24
2013[Cd][dia]3[ASR]2,984,train,38,35,34
2013[Cd][dia]3[ASR]4,985,train,85,71,60
2013[Cd][jus]3[ASR]1,986,val,16,9,5
2013[Cd][nan]3[ASR]18,987,train,43,42,33
2013[Cd][nan]3[ASR]19,988,train,48,44,33
2013[Cd][pcu]3[ASR]1,189,test,62,40,31
2013[Cd][pcu]3[ASR]4,217,train,163,144,123
2013[Cd][rtl]3[ASR]1,266,test,52,50,41
2013[Cd][rtl]3[ASR]3,989,train,97,72,58
2013[Ce][nan]3[ASR]2,990,train,82,64,53
2013[Ce][nan]3[ASR]3,275,test,136,110,88
2013[Ce][nan]3[ASR]4,991,train,25,4,4
2013[Ce][nan]3[ASR]5,992,train,38,4,4
2013[Ce][nan]3[ASR]6,993,train,25,5,7
2013[Ce][nan]3[ASR]7,994,train,31,4,4
2013[CoEu][nan]3[ASR]1,995,test,158,111,100
2013[CoGd][nan]3[ASR]1,996,train,157,111,101
2013[CoTb][nan]3[ASR]1,997,train,152,110,94
2013[Co][cdl]3[ASR]1,998,test,39,26,24
2013[Co][dia]3[ASR]1,359,train,63,50,45
2013[Co][dia]3[ASR]2,343,train,98,81,67
2013[Co][dia]3[ASR]3,343,train,97,82,68
2013[Co][dia]3[ASR]4,343,train,97,82,68
2013[Co][dia]3[ASR]5,343,train,99,82,67
2013[Co][dia]3[ASR]6,999,train,34,34,31
2013[Co][dia]3[ASR]7,343,train,97,81,67
2013[Co][fet]3[ASR]1,312,train,20,4,4
2013[Co][ins]3[ASR]1,1000,train,45,26,24
2013[Co][ins]3[ASR]2,1001,train,28,32,25
2013[Co][lvt]3[ASR]1,26,train,135,119,90
2013[Co][mab]3[ASR]1,303,train,13,13,13
2013[Co][nan]3[ASR]12,1002,train,125,124,119
2013[Co][nan]3[ASR]14,1003,train,137,104,86
2013[Co][nan]3[ASR]15,1004,train,69,50,42
2013[Co][nan]3[ASR]16,1005,train,64,46,38
2013[Co][nan]3[ASR]17,1006,train,63,46,39
2013[Co][nan]3[ASR]2,1007,val,167,123,99
2013[Co][nan]3[ASR]20,1008,val,40,27,26
2013[Co][nan]3[ASR]6,1009,val,75,57,53
2013[Co][pcu]3[ASR]2,43,train,37,20,21
2013[Co][pcu]3[ASR]4,287,test,140,114,93
2013[Co][sqc]3[ASR]1,1010,train,47,40,24
2013[Co][sqc]3[ASR]2,1011,train,55,35,26
2013[Co][sra]3[ASR]1,1012,train,135,131,101
2013[Co][tfz]3[ASR]1,1013,test,53,39,38
2013[Cu][cds]3[ASR]1,63,test,104,65,49
2013[Cu][gra]3[ASR]1,1014,train,72,59,47
2013[Cu][nbo]3[ASR]1,1015,train,34,17,15
2013[Cu][pcu]3[ASR]1,1016,train,43,29,25
2013[Cu][pcu]3[ASR]3,380,train,86,71,57
2013[Cu][pcu]3[ASR]4,380,train,79,63,54
2013[Cu][pcu]3[ASR]5,380,train,71,56,52
2013[Cu][pcu]3[ASR]6,380,train,59,52,50
2013[Cu][pcu]3[ASR]7,380,train,58,52,50
2013[Cu][pcu]3[ASR]8,398,train,46,5,5
2013[Cu][ths]3[ASR]1,1017,train,33,18,19
2013[Dy][nan]3[ASR]1,442,test,90,76,63
2013[Dy][nan]3[ASR]4,1018,val,54,65,37
2013[Er][mog]3[ASR]1,1019,train,122,100,76
2013[Er][mog]3[ASR]2,1020,train,78,60,58
2013[Eu][nan]3[ASR]10,1021,train,62,71,42
2013[Ga][bpq]3[ASR]1,466,val,10,4,4
2013[Gd][nan]3[ASR]3,1022,test,46,59,33
2013[Ho][nan]3[ASR]1,1023,train,53,39,33
2013[La][nan]3[ASR]1,1024,train,61,64,48
2013[La][nan]3[ASR]5,479,train,139,110,87
2013[Mg][rtl]3[ASR]1,1025,test,50,31,28
2013[Mn][ant]3[ASR]1,495,train,101,96,80
2013[Mn][ant]3[ASR]2,495,train,106,100,83
2013[Mn][ant]3[ASR]3,495,train,30,27,26
2013[Mn][ant]3[ASR]4,495,train,26,26,24
2013[Mn][ant]3[ASR]5,495,train,26,26,24
2013[Mn][ant]3[ASR]6,495,train,26,26,24
2013[Mn][nan]3[ASR]4,1026,train,45,49,39
2013[Mn][nan]3[ASR]5,1027,train,59,52,51
2013[Mn][pcu]3[ASR]1,504,train,106,104,95
2013[Mn][pcu]3[ASR]2,504,train,105,104,95
2013[Mn][pcu]3[ASR]3,504,train,104,104,92
2013[Mn][sql]3[ASR]1,93,test,26,26,25
2013[Mn][sur]3[ASR]1,1028,val,165,156,126
2013[Nd][nan]3[ASR]5,1029,train,66,75,45
2013[Ni][cds]3[ASR]1,1030,train,140,116,103
2013[Ni][dia]3[ASR]1,1031,train,141,108,89
2013[Ni][dia]3[ASR]3,530,train,59,51,47
2013[Ni][hms]3[ASR]1,509,train,119,144,98
2013[Ni][ins]3[ASR]1,109,val,38,26,24
2013[Ni][nan]3[ASR]10,1032,train,76,59,52
2013[Ni][nan]3[ASR]12,1033,train,27,27,23
2013[Ni][nan]3[ASR]7,1034,test,93,83,66
2013[Ni][nan]3[ASR]8,1035,train,100,75,65
2013[Ni][nan]3[ASR]9,1036,train,82,69,57
2013[Ni][noz]3[ASR]1,1037,val,35,34,31
2013[Ni][sit]3[ASR]1,1038,train,118,105,84
2013[Ni][sit]3[ASR]2,1039,test,116,103,81
2013[Ni][sit]3[ASR]3,1040,train,115,103,82
2013[Ni][sit]3[ASR]4,1041,val,116,103,80
2013[Ni][sit]3[ASR]5,1042,val,114,102,81
2013[Ni][xmz]3[ASR]6,521,train,37,4,4
2013[Ni][xmz]3[ASR]7,521,train,41,4,4
2013[Tb][nan]3[ASR]5,1043,train,54,67,38
2013[Tb][tcs]3[ASR]1,1044,train,153,128,104
2013[Zn][bbf]3[ASR]2,1045,train,104,73,59
2013[Zn][crb]3[ASR]1,1046,val,87,71,54
2013[Zn][crb]3[ASR]2,1047,train,43,36,28
2013[Zn][crb]3[ASR]3,1048,val,43,39,28
2013[Zn][crb]3[ASR]4,1049,train,52,42,37
2013[Zn][crb]3[ASR]5,1050,train,53,42,36
2013[Zn][crb]3[ASR]6,1051,val,111,86,73
2013[Zn][dia]3[ASR]1,581,train,53,45,30
2013[Zn][dia]3[ASR]12,574,val,51,6,6
2013[Zn][dia]3[ASR]15,612,train,138,94,81
2013[Zn][dia]3[ASR]2,658,val,73,59,48
2013[Zn][dia]3[ASR]4,631,train,85,52,49
2013[Zn][dia]3[ASR]5,605,train,83,58,55
2013[Zn][dia]3[ASR]7,606,train,79,79,72
2013[Zn][dia]3[ASR]8,606,train,78,78,71
2013[Zn][dmp]3[ASR]1,138,train,106,91,71
2013[Zn][fsc]3[ASR]2,1052,train,78,70,61
2013[Zn][gis]3[ASR]1,1053,train,43,4,4
2013[Zn][lon]3[ASR]1,1054,train,83,60,60
2013[Zn][lon]3[ASR]3,1055,val,70,66,62
2013[Zn][lon]3[ASR]4,1056,val,74,62,54
2013[Zn][nan]3[ASR]14,1057,train,72,53,48
2013[Zn][nan]3[ASR]15,1058,test,93,77,67
2013[Zn][nan]3[ASR]16,1059,train,73,58,55
2013[Zn][nan]3[ASR]26,627,train,70,77,59
2013[Zn][nan]3[ASR]29,1060,train,66,60,49
2013[Zn][nan]3[ASR]33,1061,train,99,83,78
2013[Zn][nan]3[ASR]34,1062,train,71,53,51
2013[Zn][pcu]3[ASR]8,617,test,53,53,45
2013[Zn][sit]3[ASR]1,1063,train,126,108,90
2013[Zn][sod]3[ASR]1,1064,train,52,39,36
2013[Zn][sod]3[ASR]2,140,train,148,121,90
2013[Zn][unc]3[ASR]1,589,train,57,32,29
2013[Zn][uni]3[ASR]3,1065,train,148,113,79
2013[Zn][uni]3[ASR]4,1066,train,143,111,77
2013[Zn][uni]3[ASR]7,1067,train,146,112,76
2013[Zn][uni]3[ASR]8,1068,train,143,108,75
2014[Al][bpq]3[ASR]5,165,val,18,4,4
2014[Al][nan]3[ASR]5,1069,train,180,151,137
2014[Al][nan]3[ASR]7,1070,train,205,173,155
2014[Cd][bbf]3[ASR]1,1071,train,79,76,65
2014[Cd][bcu]3[ASR]1,1072,train,117,72,66
2014[Cd][crs]3[ASR]1,208,train,104,80,74
2014[Cd][dia]3[ASR]4,246,train,172,138,115
2014[Cd][dia]3[ASR]5,246,train,50,35,34
2014[Cd][esg]3[ASR]1,251,val,47,46,35
2014[Cd][esg]3[ASR]2,251,val,41,21,18
2014[Cd][esg]3[ASR]3,251,val,34,5,9
2014[Cd][nan]3[ASR]11,1073,train,43,43,40
2014[Cd][nan]3[ASR]13,232,train,34,34,23
2014[Cd][nan]3[ASR]14,1074,train,59,4,4
2014[Cd][nan]3[ASR]2,1075,train,22,25,23
2014[Cd][nan]3[ASR]4,1076,test,26,26,23
2014[Cd][pcu]3[ASR]1,1077,train,166,138,108
2014[Cd][pts]3[ASR]1,167,test,27,25,22
2014[Cd][pts]3[ASR]2,193,train,9,7,5
2014[Cd][rtl]3[ASR]2,202,train,122,102,88
2014[Cd][rtl]3[ASR]3,266,test,53,50,43
2014[Cd][svg]3[ASR]1,1078,train,50,44,37
2014[Cd][svg]3[ASR]2,1079,train,50,44,36
2014[Ce][fit]3[ASR]1,1080,train,83,61,57
2014[Ce][fit]3[ASR]2,1081,test,68,57,53
2014[Co][acs]3[ASR]1,367,train,48,22,18
2014[Co][bpq]3[ASR]1,351,train,16,4,4
2014[Co][dia]3[ASR]1,342,train,51,37,30
2014[Co][dia]3[ASR]2,357,train,73,65,62
2014[Co][dia]3[ASR]3,357,train,122,85,80
2014[Co][dia]3[ASR]4,343,train,97,81,67
2014[Co][dia]3[ASR]6,278,train,24,22,21
2014[Co][dmc]3[ASR]1,1082,train,154,99,92
2014[Co][dmc]3[ASR]2,1083,train,152,98,92
2014[Co][etb]3[ASR]1,1084,train,74,69,55
2014[Co][fsc]3[ASR]1,294,val,99,91,73
2014[Co][fsc]3[ASR]2,1085,train,109,105,88
2014[Co][fsc]3[ASR]3,1086,train,167,138,105
2014[Co][hex]3[ASR]1,297,train,175,155,117
2014[Co][hms]3[ASR]1,302,train,130,105,99
2014[Co][hms]3[ASR]2,301,test,51,37,34
2014[Co][ins]3[ASR]1,1087,val,39,26,26
2014[Co][mmm]3[ASR]1,1088,train,35,17,17
2014[Co][nan]3[ASR]1,1089,val,37,27,25
2014[Co][nan]3[ASR]10,1090,train,157,150,124
2014[Co][nan]3[ASR]12,1091,val,35,26,25
2014[Co][nan]3[ASR]13,1092,train,98,71,52
2014[Co][nan]3[ASR]14,1093,test,157,151,124
2014[Co][nan]3[ASR]29,1094,val,64,59,47
2014[Co][nan]3[ASR]30,1095,train,87,78,62
2014[Co][nan]3[ASR]31,1096,train,117,108,87
2014[Co][nan]3[ASR]32,1097,train,39,39,36
2014[Co][nan]3[ASR]37,1098,train,76,78,72
2014[Co][nan]3[ASR]38,1099,val,70,10,25
2014[Co][nan]3[ASR]9,1100,test,126,106,90
2014[Co][npo]3[ASR]1,30,train,154,120,89
2014[Co][pcu]3[ASR]1,305,train,54,59,45
2014[Co][pcu]3[ASR]2,23,train,154,131,104
2014[Co][pcu]3[ASR]4,308,val,22,13,13
2014[Co][pcu]3[ASR]5,352,train,55,44,32
2014[Co][rtl]3[ASR]1,345,train,164,138,119
2014[CuLu][nan]3[ASR]1,1101,train,34,26,19
2014[CuSi][pcu]3[ASR]1,55,train,29,58,41
2014[CuTm][nan]3[ASR]1,1102,val,33,19,18
2014[Cu][hms]3[ASR]1,397,train,130,131,118
2014[Cu][nbo]3[ASR]3,1103,train,100,66,53
2014[Cu][pcu]3[ASR]3,388,train,51,56,42
2014[Cu][pcu]3[ASR]5,428,val,102,76,64
2014[Cu][pcu]3[ASR]6,396,train,68,39,36
2014[Cu][srs]3[ASR]1,73,val,65,61,45
2014[DyZn][nan]3[ASR]1,1104,train,73,46,45
2014[Er][dmc]3[ASR]1,1105,train,148,36,35
2014[Eu][dmc]3[ASR]1,1106,train,153,37,39
2014[Eu][nan]3[ASR]1,1107,train,26,4,4
2014[Eu][nan]3[ASR]2,447,train,46,27,29
2014[Eu][nan]3[ASR]4,1108,train,42,19,19
2014[Fe][nan]3[ASR]5,1109,train,20,4,4
2014[La][nan]3[ASR]3,89,val,158,132,101
2014[Mg][ant]3[ASR]1,1110,train,29,27,25
2014[Mg][nan]3[ASR]1,1111,test,77,51,45
2014[Mg][nan]3[ASR]2,1112,train,67,49,42
2014[Mg][nan]3[ASR]3,1113,train,74,49,43
2014[Mg][nan]3[ASR]4,1114,train,71,49,43
2014[Mg][nan]3[ASR]5,1115,train,61,47,40
2014[Mg][nan]3[ASR]6,1116,train,58,52,50
2014[Mg][nan]3[ASR]7,1117,val,60,46,39
2014[Mg][rtl]3[ASR]1,1118,val,49,31,28
2014[Mn][dia]3[ASR]1,503,train,94,65,55
2014[Mn][pcu]3[ASR]3,504,train,78,78,68
2014[Mn][rtl]3[ASR]1,497,val,48,34,28
2014[Mn][tfz]3[ASR]1,1119,train,67,59,47
2014[Nd][fit]3[ASR]1,1120,train,59,59,52
2014[Nd][fit]3[ASR]2,1121,train,84,61,56
2014[Ni][gra]3[ASR]1,510,train,116,99,92
2014[Ni][gra]3[ASR]2,510,train,115,99,92
2014[Ni][nan]3[ASR]1,1122,train,120,94,85
2014[Ni][nan]3[ASR]6,1123,train,113,86,75
2014[Ni][pcu]3[ASR]1,1124,train,53,58,44
2014[Pr][dmc]3[ASR]1,1125,train,151,36,39
2014[Tb][dmc]3[ASR]1,1126,train,148,37,38
2014[Tb][nan]3[ASR]2,1127,train,58,31,26
2014[Y][nan]3[ASR]1,129,train,34,19,19
2014[Y][nan]3[ASR]2,129,train,32,19,19
2014[ZnCr][pcu]3[ASR]1,1128,train,81,79,64
2014[ZnEu][nan]3[ASR]1,1129,train,70,46,45
2014[ZnGd][nan]3[ASR]1,1130,train,71,46,43
2014[Zn][bnn]3[ASR]1,1131,train,75,55,54
2014[Zn][dia]3[ASR]13,650,train,58,42,32
2014[Zn][dia]3[ASR]14,585,train,90,70,53
2014[Zn][dia]3[ASR]15,585,train,86,67,52
2014[Zn][dia]3[ASR]6,565,train,26,26,25
2014[Zn][dia]3[ASR]7,1132,train,162,151,134
2014[Zn][dia]3[ASR]9,614,train,140,98,85
2014[Zn][dmc]3[ASR]1,1133,val,120,113,96
2014[Zn][dmc]3[ASR]2,1134,train,79,4,4
2014[Zn][etf]3[ASR]1,163,train,176,136,92
2014[Zn][hms]3[ASR]1,1135,test,155,135,106
2014[Zn][nan]3[ASR]23,1136,val,139,119,99
2014[Zn][nan]3[ASR]37,1137,test,107,65,61
2014[Zn][nan]3[ASR]8,1138,test,68,60,54
2014[Zn][pcu]3[ASR]18,624,train,65,42,45
2014[Zn][pcu]3[ASR]24,1139,train,90,89,79
2014[Zn][pcu]3[ASR]9,671,train,159,127,99
2014[Zn][sod]3[ASR]1,559,train,69,49,46
2014[Zn][sod]3[ASR]2,559,train,62,49,46
2014[Zn][sod]3[ASR]3,559,train,67,45,44
2014[Zn][unc]3[ASR]1,589,train,59,33,30
2014[Zn][unj]3[ASR]1,1140,train,148,125,88
2014[Zr][fcu]3[ASR]3,677,train,59,63,39
2015[Al][bpq]3[ASR]1,164,train,114,75,69
2015[Al][nan]3[ASR]1,1141,train,87,75,66
2015[Cd][bcu]3[ASR]1,245,train,55,42,39
2015[Cd][bcu]3[ASR]2,245,train,127,105,82
2015[Cd][bcu]3[ASR]3,245,train,130,119,95
2015[Cd][bcu]3[ASR]4,1142,train,72,58,50
2015[Cd][crb]3[ASR]1,11,train,181,112,99
2015[Cd][dia]3[ASR]2,207,val,98,70,58
2015[Cd][dia]3[ASR]3,207,val,89,74,62
2015[Cd][dia]3[ASR]4,207,val,99,87,67
2015[Cd][dia]3[ASR]5,210,val,35,35,34
2015[Cd][dia]3[ASR]7,1143,train,59,46,38
2015[Cd][nan]3[ASR]21,1144,train,87,59,53
2015[Cd][nan]3[ASR]22,1145,train,38,35,30
2015[Cd][nan]3[ASR]24,252,train,74,53,45
2015[Cd][nan]3[ASR]26,1146,test,82,78,63
2015[Cd][nan]3[ASR]29,1147,test,124,61,61
2015[Cd][nan]3[ASR]6,1148,train,112,84,74
2015[Cd][nan]3[ASR]8,1149,train,41,29,27
2015[Cd][pcu]3[ASR]1,1150,train,84,72,61
2015[Cd][pcu]3[ASR]3,212,test,107,80,69
2015[Cd][pcu]3[ASR]4,247,val,126,92,78
2015[Cd][pcu]3[ASR]7,1151,train,81,77,66
2015[Cd][pts]3[ASR]2,1152,train,60,71,59
2015[Cd][tcs]3[ASR]1,1153,train,54,31,22
2015[Cd][ths]3[ASR]1,243,train,63,4,8
2015[Ce][crs]3[ASR]1,1154,train,113,77,66
2015[Co][crb]3[ASR]1,35,train,129,110,97
2015[Co][crb]3[ASR]2,34,test,133,115,102
2015[Co][dia]3[ASR]2,1155,train,34,34,32
2015[Co][dia]3[ASR]3,1156,train,36,4,4
2015[Co][dia]3[ASR]4,368,train,91,81,77
2015[Co][fsc]3[ASR]1,325,train,27,29,22
2015[Co][fsg]3[ASR]1,1157,train,55,45,30
2015[Co][nan]3[ASR]12,1158,val,90,79,69
2015[Co][nan]3[ASR]15,1159,train,53,52,44
2015[Co][nan]3[ASR]18,1160,train,164,141,106
2015[Co][nan]3[ASR]3,1161,test,53,50,41
2015[Co][nan]3[ASR]7,1162,train,91,67,61
2015[Co][nbo]3[ASR]1,1163,train,123,114,92
2015[Co][pcu]3[ASR]2,306,train,22,13,13
2015[Co][pcu]3[ASR]3,316,val,100,76,64
2015[Co][pts]3[ASR]2,314,test,124,101,76
2015[Co][rtl]3[ASR]1,334,train,82,78,66
2015[Co][sit]3[ASR]1,1164,train,120,106,85
2015[Co][sod]3[ASR]1,282,train,66,45,44
2015[Co][sod]3[ASR]2,282,train,60,45,43
2015[Co][sql]2[ASR]1,307,train,109,97,72
2015[Co][sxb]3[ASR]1,38,train,96,87,73
2015[CrMn][nod]3[ASR]1,1165,train,163,116,72
2015[CrMn][nod]3[ASR]2,1166,train,162,116,73
2015[Cu][crb]3[ASR]2,68,train,123,104,90
2015[Cu][crb]3[ASR]3,67,train,135,135,114
2015[Cu][rob]3[ASR]1,395,train,57,52,42
2015[Cu][rtl]3[ASR]1,430,train,125,105,88
2015[Cu][rtl]3[ASR]2,429,train,111,101,82
2015[Cu][rtl]3[ASR]3,431,train,117,103,85
2015[Cu][rtl]3[ASR]4,438,train,163,136,114
2015[Cu][rtl]3[ASR]5,435,train,119,105,87
2015[Cu][sql]2[ASR]1,394,train,93,78,61
2015[Dy][nan]3[ASR]3,1167,train,98,75,65
2015[Eu][nan]3[ASR]5,1168,train,52,45,38
2015[Eu][nan]3[ASR]6,1169,train,27,23,22
2015[Fe][pts]3[ASR]1,83,train,94,67,57
2015[Fe][pts]3[ASR]2,456,val,145,110,77
2015[Fe][pts]3[ASR]3,454,train,162,140,93
2015[La][nan]3[ASR]3,478,train,155,109,88
2015[La][nan]3[ASR]8,478,train,158,109,86
2015[La][nan]3[ASR]9,478,train,152,108,84
2015[Mg][dia]3[ASR]2,483,train,84,60,55
2015[Mg][dia]3[ASR]3,483,train,92,84,79
2015[Mg][nan]3[ASR]10,1170,train,65,46,40
2015[Mg][nan]3[ASR]4,1171,train,74,49,43
2015[Mg][nan]3[ASR]5,1172,val,140,111,91
2015[Mg][nan]3[ASR]6,1173,val,63,46,39
2015[Mg][nan]3[ASR]7,1174,train,63,45,38
2015[Mg][nan]3[ASR]8,1175,train,68,49,42
2015[Mg][nan]3[ASR]9,1176,train,64,46,40
2015[Mn][bnn]3[ASR]1,1177,train,49,27,25
2015[Mn][dia]3[ASR]1,94,train,111,70,60
2015[Mn][nan]3[ASR]13,1178,train,77,70,61
2015[Mn][sql]2[ASR]1,488,train,91,81,63
2015[Mn][tcs]3[ASR]1,1179,train,45,9,12
2015[Mn][ths]3[ASR]1,493,train,37,4,4
2015[Nd][nan]3[ASR]2,1180,train,175,128,110
2015[Nd][pcu]3[ASR]1,506,train,149,107,84
2015[Ni][bpq]3[ASR]1,526,train,15,4,4
2015[Ni][dia]3[ASR]1,111,train,106,80,65
2015[Ni][dia]3[ASR]2,110,train,133,123,99
2015[Ni][dia]3[ASR]4,520,train,27,14,20
2015[Ni][frl]3[ASR]1,1181,val,98,67,56
2015[Ni][nan]2[ASR]1,1182,val,69,59,51
2015[Ni][sit]3[ASR]1,1183,train,119,105,84
2015[Ni][sni]3[ASR]1,1184,train,25,23,22
2015[Sc][nan]3[ASR]4,1185,train,83,22,11
2015[Tb][nan]3[ASR]10,1186,val,139,106,73
2015[Tb][nan]3[ASR]13,1187,train,89,68,60
2015[Tb][nan]3[ASR]2,124,train,27,24,22
2015[Th][nan]3[ASR]2,1188,train,59,4,4
2015[Th][nan]3[ASR]3,1189,train,59,4,4
2015[Th][nan]3[ASR]4,1190,train,59,4,4
2015[V][bpq]3[ASR]2,544,train,155,100,85
2015[V][bpq]3[ASR]3,544,train,164,151,111
2015[Zn][ant]3[ASR]1,143,train,171,137,109
2015[Zn][bnn]3[ASR]1,1191,train,37,27,27
2015[Zn][crb]3[ASR]1,150,train,134,119,105
2015[Zn][crb]3[ASR]2,152,train,139,112,103
2015[Zn][crb]3[ASR]3,151,train,127,106,97
2015[Zn][dia]3[ASR]1,1192,train,114,86,65
2015[Zn][dia]3[ASR]2,616,train,57,30,29
2015[Zn][dia]3[ASR]3,1193,train,35,35,34
2015[Zn][dia]3[ASR]4,1194,test,35,35,33
2015[Zn][dia]3[ASR]5,158,train,162,141,119
2015[Zn][dia]3[ASR]8,616,train,57,30,29
2015[Zn][dmc]3[ASR]1,1195,train,118,64,70
2015[Zn][eta]3[ASR]1,1196,train,60,29,30
2015[Zn][eta]3[ASR]2,1197,train,61,29,30
2015[Zn][gis]3[ASR]1,1198,train,32,4,4
2015[Zn][nan]3[ASR]20,1199,val,54,4,4
2015[Zn][nan]3[ASR]28,1200,train,168,135,105
2015[Zn][nan]3[ASR]40,1201,val,142,112,99
2015[Zn][nan]3[ASR]43,1202,train,165,107,103
2015[Zn][nan]3[ASR]5,1203,train,144,124,101
2015[Zn][pcu]3[ASR]10,1204,train,166,145,122
2015[Zn][pcu]3[ASR]17,130,train,149,124,98
2015[Zn][pcu]3[ASR]4,557,train,159,110,99
2015[Zn][pts]3[ASR]1,1205,train,60,53,51
2015[Zn][pts]3[ASR]2,655,train,138,100,81
2015[Zn][qtz]3[ASR]1,135,train,94,81,64
2015[Zn][qtz]3[ASR]2,661,val,118,97,77
2015[Zn][sod]3[ASR]1,578,train,135,116,80
2015[Zn][sod]3[ASR]2,578,train,135,116,80
2015[Zn][sqc]3[ASR]1,1206,train,99,83,69
2015[Zn][tcs]3[ASR]1,1207,train,58,20,20
2015[Zn][tcs]3[ASR]2,1208,train,55,9,11
2015[Zr][fcu]3[ASR]1,677,train,124,131,78
2016[Ag][lvt]3[ASR]1,1209,train,77,31,21
2016[Ag][nan]3[ASR]1,1210,val,45,40,35
2016[Ag][nan]3[ASR]2,1211,test,47,41,35
2016[Cd][bcu]3[ASR]1,206,train,105,87,70
2016[Cd][cds]3[ASR]1,1212,test,41,26,24
2016[Cd][dia]3[ASR]1,180,train,52,26,27
2016[Cd][dia]3[ASR]3,183,train,94,77,63
2016[Cd][dia]3[ASR]4,262,train,100,71,67
2016[Cd][dia]3[ASR]5,250,train,127,85,68
2016[Cd][dia]3[ASR]6,265,train,84,87,81
2016[Cd][etb]3[ASR]1,1213,train,103,79,68
2016[Cd][ftb]3[ASR]1,178,train,43,13,14
2016[Cd][kgd]2[ASR]1,1214,test,97,89,68
2016[Cd][nan]2[ASR]2,1215,train,64,52,44
2016[Cd][nan]2[ASR]3,1216,train,56,51,40
2016[Cd][nan]2[ASR]4,1217,train,114,99,90
2016[Cd][nan]3[ASR]10,1218,train,74,58,42
2016[Cd][nan]3[ASR]11,1219,test,68,51,47
2016[Cd][nan]3[ASR]12,1220,val,82,57,54
2016[Cd][nan]3[ASR]14,1221,train,63,52,48
2016[Cd][nan]3[ASR]16,1222,train,47,35,32
2016[Cd][nan]3[ASR]21,1223,train,33,4,4
2016[Cd][nan]3[ASR]24,1224,train,71,72,61
2016[Cd][nan]3[ASR]26,1225,train,69,53,45
2016[Cd][nan]3[ASR]27,1226,train,71,56,52
2016[Cd][nan]3[ASR]3,1227,train,67,35,34
2016[Cd][nan]3[ASR]32,1228,train,154,99,80
2016[Cd][nan]3[ASR]8,1229,train,67,51,47
2016[Cd][nan]3[ASR]9,1230,train,27,37,27
2016[Cd][pcu]3[ASR]1,1231,train,26,31,26
2016[Cd][pcu]3[ASR]2,17,train,97,86,68
2016[Cd][rho]3[ASR]1,1232,train,118,80,53
2016[Cd][rtl]3[ASR]2,255,train,69,62,56
2016[Co][cds]3[ASR]1,1233,val,19,17,17
2016[Co][dia]3[ASR]1,1234,val,35,35,33
2016[Co][nan]2[ASR]1,1235,train,79,82,62
2016[Co][nan]3[ASR]10,1236,val,76,59,49
2016[Co][nan]3[ASR]14,1237,train,134,96,85
2016[Co][nan]3[ASR]18,1238,val,71,51,45
2016[Co][nan]3[ASR]22,1239,train,143,109,77
2016[Co][nan]3[ASR]23,1240,val,55,52,49
2016[Co][nan]3[ASR]29,1241,train,98,82,69
2016[Co][nan]3[ASR]33,1242,train,81,63,53
2016[Co][nan]3[ASR]34,1243,train,57,44,35
2016[Co][nan]3[ASR]4,1244,train,156,122,114
2016[Co][nan]3[ASR]5,1245,test,69,48,44
2016[Co][nan]3[ASR]6,1246,train,68,48,43
2016[Co][nan]3[ASR]7,1247,val,69,48,42
2016[Co][nan]3[ASR]8,1248,train,69,47,42
2016[Co][pcu]3[ASR]3,279,test,38,23,22
2016[Co][pcu]3[ASR]4,299,train,56,38,37
2016[Co][pcu]3[ASR]5,299,train,57,38,38
2016[Co][pts]3[ASR]2,288,train,59,48,42
2016[Co][pts]3[ASR]5,289,train,59,48,42
2016[Co][rtl]3[ASR]1,350,train,112,77,70
2016[Co][sql]2[ASR]3,286,test,82,57,54
2016[Co][sql]2[ASR]32,327,train,26,26,25
2016[Co][sql]2[ASR]4,311,test,21,16,14
2016[CuV][pcu]3[ASR]1,1249,train,59,4,11
2016[Cu][apo]3[ASR]1,413,train,121,107,84
2016[Cu][apo]3[ASR]2,418,train,72,69,64
2016[Cu][apo]3[ASR]3,385,train,70,70,65
2016[Cu][dia]2[ASR]1,425,train,82,55,42
2016[Cu][pcu]3[ASR]1,404,train,66,79,69
2016[Cu][pyr]3[ASR]1,422,train,76,64,56
2016[Cu][rob]3[ASR]1,407,val,40,29,26
2016[Cu][rtl]3[ASR]1,414,train,114,93,75
2016[Cu][rtl]3[ASR]2,386,train,79,70,59
2016[Cu][sql]2[ASR]1,392,val,61,43,37
2016[Cu][ths]3[ASR]1,439,train,140,106,82
2016[Dy][dia]3[ASR]1,1250,train,98,71,68
2016[Dy][pcu]3[ASR]1,1251,test,105,77,70
2016[Dy][pcu]3[ASR]2,1252,val,105,77,70
2016[Dy][pcu]3[ASR]3,1253,train,99,72,63
2016[Dy][pcu]3[ASR]4,1254,train,105,76,68
2016[Er][ant]3[ASR]1,1255,train,29,26,25
2016[Eu][ant]3[ASR]1,1256,train,29,26,26
2016[Eu][dia]3[ASR]1,1257,val,101,74,70
2016[Eu][sqc]3[ASR]1,80,train,54,43,38
2016[Ga][nan]3[ASR]1,1258,train,196,162,144
2016[Ga][nan]3[ASR]3,1259,train,191,159,142
2016[Gd][dia]3[ASR]1,1260,train,103,73,69
2016[Ho][nan]3[ASR]1,470,train,98,78,66
2016[In][bpq]3[ASR]1,471,train,162,141,114
2016[In][bpq]3[ASR]2,87,train,102,86,74
2016[La][nan]3[ASR]4,480,train,60,52,46
2016[Mg][bpq]3[ASR]1,482,train,103,70,64
2016[Mg][nan]3[ASR]1,1261,train,61,54,51
2016[Mg][nan]3[ASR]2,1262,train,63,49,41
2016[Mg][nan]3[ASR]3,1263,train,76,50,43
2016[Mg][nan]3[ASR]4,1264,val,71,50,43
2016[Mn][acs]3[ASR]1,502,train,62,35,24
2016[Mn][flu]3[ASR]1,1265,train,85,69,60
2016[Mn][rtl]3[ASR]1,494,val,69,62,58
2016[Mn][rtl]3[ASR]2,496,train,93,69,60
2016[Mn][rtl]3[ASR]3,497,val,50,36,29
2016[NiNb][pcu]3[ASR]1,1266,train,59,4,29
2016[Ni][dia]3[ASR]1,112,train,126,105,81
2016[Ni][dia]3[ASR]2,112,train,132,107,82
2016[Ni][dia]3[ASR]3,1267,train,157,110,85
2016[Ni][dia]3[ASR]4,112,train,161,125,94
2016[Ni][dia]3[ASR]5,112,train,128,94,76
2016[Ni][dia]3[ASR]6,112,train,134,107,83
2016[Ni][frl]3[ASR]1,1268,train,88,61,51
2016[Ni][nbo]3[ASR]1,515,train,125,104,85
2016[Ni][nbo]3[ASR]2,116,train,109,88,74
2016[Pr][nan]3[ASR]1,535,test,157,126,99
2016[Sc][nan]3[ASR]3,1269,train,111,74,49
2016[Sc][nan]3[ASR]6,1270,train,78,53,39
2016[Sc][nan]3[ASR]7,1271,train,68,44,25
2016[Sc][nan]3[ASR]8,1272,train,63,45,28
2016[Tb][ant]3[ASR]2,1273,train,29,26,25
2016[Tb][dia]3[ASR]1,1274,train,99,71,69
2016[Tm][nan]3[ASR]1,542,train,94,76,65
2016[V][bpq]3[ASR]1,544,train,164,155,114
2016[V][bpq]3[ASR]2,544,train,156,107,90
2016[V][bpq]3[ASR]3,544,train,143,94,81
2016[V][bpq]3[ASR]4,544,train,156,107,90
2016[Zn][ant]3[ASR]3,1275,train,119,88,70
2016[Zn][ant]3[ASR]5,1276,train,88,62,54
2016[Zn][bbf]3[ASR]1,1277,train,102,80,59
2016[Zn][bbf]3[ASR]2,1278,val,78,73,62
2016[Zn][cds]3[ASR]1,161,val,76,57,48
2016[Zn][dia]3[ASR]4,569,train,126,109,92
2016[Zn][dia]3[ASR]5,669,test,93,62,57
2016[Zn][dia]3[ASR]6,640,train,117,100,79
2016[Zn][dia]3[ASR]7,582,train,52,52,50
2016[Zn][dmp]3[ASR]1,638,train,105,104,94
2016[Zn][fsc]3[ASR]1,1279,val,142,94,77
2016[Zn][kgd]2[ASR]1,153,train,78,58,49
2016[Zn][nan]2[ASR]1,1280,train,39,6,10
2016[Zn][nan]2[ASR]3,1281,val,78,74,60
2016[Zn][nan]2[ASR]4,1282,train,86,55,48
2016[Zn][nan]3[ASR]10,1283,train,90,70,66
2016[Zn][nan]3[ASR]18,1284,train,107,76,64
2016[Zn][nan]3[ASR]23,1285,train,61,41,39
2016[Zn][nan]3[ASR]3,1286,train,140,105,103
2016[Zn][nan]3[ASR]30,1287,val,111,90,70
2016[Zn][nan]3[ASR]34,1288,train,113,88,77
2016[Zn][nan]3[ASR]37,1289,val,51,35,35
2016[Zn][pcu]3[ASR]10,647,train,151,104,95
2016[Zn][pcu]3[ASR]14,1290,train,103,91,68
2016[Zn][pcu]3[ASR]15,1291,test,149,132,95
2016[Zn][qzd]3[ASR]1,1292,train,106,59,62
2016[Zn][sql]2[ASR]1,594,train,71,65,51
2016[Zn][sql]2[ASR]3,603,train,128,105,99
2016[Zn][ths]3[ASR]9,162,train,100,57,55
2017[Cd][ant]3[ASR]1,1293,train,107,93,80
2017[Cd][ant]3[ASR]2,1294,train,120,107,93
2017[Cd][ant]3[ASR]4,216,train,34,34,29
2017[Cd][bey]2[ASR]2,2,train,139,98,78
2017[Cd][bnn]3[ASR]1,173,train,102,82,63
2017[Cd][kgd]2[ASR]6,1295,train,145,115,96
2017[Cd][nan]3[ASR]11,1296,test,75,58,53
2017[Cd][nan]3[ASR]8,1297,train,29,28,22
2017[Cd][nan]3[ASR]9,1298,train,43,43,39
2017[Cd][pcu]3[ASR]5,211,train,89,86,69
2017[Cd][sql]2[ASR]1,8,train,94,83,76
2017[Cd][sql]2[ASR]10,14,train,140,139,126
2017[Cd][sql]2[ASR]13,203,train,70,71,65
2017[Cd][sql]2[ASR]14,203,train,70,69,63
2017[Cd][sql]2[ASR]15,185,train,119,92,69
2017[Cd][sql]2[ASR]2,8,train,52,53,43
2017[Cd][sql]2[ASR]5,194,train,190,149,126
2017[Cd][sql]2[ASR]6,259,train,68,55,46
2017[Cd][sql]2[ASR]8,10,train,59,52,49
2017[Cd][sql]2[ASR]9,169,train,67,44,39
2017[Co][afw]3[ASR]1,1299,train,64,55,42
2017[Co][afw]3[ASR]2,1300,train,63,54,41
2017[Co][afw]3[ASR]3,1301,val,63,52,41
2017[Co][bnn]3[ASR]1,1302,train,71,58,49
2017[Co][bnn]3[ASR]2,1303,train,69,58,48
2017[Co][bnn]3[ASR]3,1304,train,70,58,49
2017[Co][dia]3[ASR]2,1305,train,118,101,72
2017[Co][dia]3[ASR]3,1306,train,118,103,73
2017[Co][nan]2[ASR]1,1307,val,94,58,54
2017[Co][nan]2[ASR]4,1308,train,57,56,43
2017[Co][nan]2[ASR]5,1309,train,53,52,44
2017[Co][nan]3[ASR]10,1310,val,72,54,47
2017[Co][nan]3[ASR]12,1311,train,120,106,88
2017[Co][nan]3[ASR]24,1312,train,80,4,4
2017[Co][pcu]2[ASR]12,37,val,35,35,34
2017[Co][pcu]2[ASR]13,37,val,34,35,32
2017[Co][pcu]2[ASR]2,36,train,33,35,33
2017[Co][pcu]2[ASR]3,36,train,34,35,33
2017[Co][pcu]2[ASR]4,37,val,34,35,33
2017[Co][pcu]2[ASR]5,37,val,34,35,33
2017[Co][pcu]2[ASR]6,37,val,34,35,33
2017[Co][pcu]2[ASR]7,37,val,34,35,33
2017[Co][pcu]2[ASR]8,37,val,35,35,34
2017[Co][pcu]2[ASR]9,37,val,35,35,34
2017[Co][pcu]3[ASR]1,296,test,150,146,113
2017[Co][pcu]3[ASR]2,295,train,81,71,66
2017[Co][pcu]3[ASR]4,315,train,176,169,136
2017[Co][pcu]3[ASR]5,319,train,176,144,119
2017[Co][qtz]3[ASR]1,1313,train,163,126,117
2017[Co][sql]2[ASR]10,1314,test,69,71,55
2017[Co][sql]2[ASR]11,1315,val,67,70,55
2017[Co][sql]2[ASR]12,1316,val,68,72,55
2017[Co][sql]2[ASR]13,1317,train,69,71,55
2017[Co][sql]2[ASR]14,1318,train,68,69,54
2017[Co][sql]2[ASR]15,1319,train,67,70,52
2017[Co][sql]2[ASR]3,1320,val,78,68,55
2017[Co][sql]2[ASR]7,298,train,68,39,37
2017[Co][sql]2[ASR]9,1321,train,67,72,55
2017[CuSi][pcu]3[ASR]2,54,train,101,89,66
2017[CuTi][pcu]3[ASR]1,56,train,129,116,88
2017[Cu][eea]3[ASR]2,411,val,143,96,82
2017[Cu][pcu]3[ASR]1,72,train,101,83,64
2017[Cu][rob]3[ASR]1,406,train,32,32,27
2017[Cu][rob]3[ASR]10,406,train,55,48,39
2017[Cu][rob]3[ASR]2,406,train,54,48,39
2017[Cu][rob]3[ASR]3,406,train,52,43,35
2017[Cu][rob]3[ASR]4,381,train,73,55,47
2017[Cu][rob]3[ASR]5,406,train,32,32,27
2017[Cu][rob]3[ASR]6,406,train,54,47,39
2017[Cu][rob]3[ASR]7,406,train,54,48,39
2017[Cu][rob]3[ASR]8,381,train,77,59,51
2017[Cu][rob]3[ASR]9,381,train,64,54,48
2017[Cu][rtl]3[ASR]1,387,train,70,35,35
2017[Cu][rtl]3[ASR]2,412,train,109,95,74
2017[Cu][rtl]3[ASR]3,423,train,146,114,93
2017[Cu][sql]2[ASR]8,393,train,107,95,77
2017[Dy][kgd]2[ASR]1,1322,train,72,57,46
2017[Er][kgd]2[ASR]1,1323,train,70,56,43
2017[Er][mog]3[ASR]1,1324,test,138,64,53
2017[Eu][kgd]2[ASR]2,1325,train,74,57,46
2017[Eu][mog]3[ASR]1,1326,train,149,97,85
2017[FeSi][pcu]3[ASR]1,82,train,30,52,46
2017[Fe][kag]3[ASR]1,1327,test,106,82,58
2017[Fe][kag]3[ASR]2,1328,train,105,82,58
2017[Fe][pts]3[ASR]1,455,train,122,116,83
2017[Gd][kgd]2[ASR]1,1329,train,73,56,44
2017[Gd][nan]3[ASR]2,467,train,100,79,68
2017[In][nan]2[ASR]1,1330,train,66,39,39
2017[La][nan]3[ASR]4,1331,train,91,74,60
2017[Mn][kgm]2[ASR]1,1332,train,85,77,69
2017[Mn][nan]3[ASR]2,1333,train,64,78,66
2017[Mn][nan]3[ASR]6,1334,train,140,117,98
2017[Mn][pcu]3[ASR]1,504,train,105,104,95
2017[Mn][rtl]3[ASR]1,497,val,43,6,4
2017[Mn][rtl]3[ASR]2,497,val,58,13,18
2017[Mn][sod]3[ASR]1,92,train,160,138,89
2017[Mn][sql]2[ASR]4,485,val,62,57,49
2017[Nd][mog]3[ASR]1,1335,train,152,98,87
2017[Nd][nan]3[ASR]3,1336,train,68,51,45
2017[NiNb][pcu]3[ASR]1,101,train,59,4,27
2017[NiNb][pcu]3[ASR]2,101,train,59,4,25
2017[Ni][dia]3[ASR]1,528,test,179,158,131
2017[Ni][dia]3[ASR]2,524,val,97,81,68
2017[Ni][dia]3[ASR]3,530,train,57,48,42
2017[Ni][fsc]3[ASR]1,531,train,66,59,51
2017[Ni][hms]3[ASR]1,513,train,59,4,4
2017[Ni][sql]2[ASR]1,107,train,113,95,75
2017[Ni][sql]2[ASR]2,106,test,118,101,86
2017[Ni][tfz]3[ASR]1,1337,train,133,89,48
2017[Pr][mog]3[ASR]1,1338,train,104,66,59
2017[Rh][sql]2[ASR]1,118,train,142,109,93
2017[SiNi][pcu]3[ASR]1,103,train,29,49,42
2017[Sm][kgd]2[ASR]1,1339,train,75,57,46
2017[Sm][nan]3[ASR]2,1340,train,56,47,38
2017[Tb][kgd]2[ASR]1,1341,train,61,53,41
2017[Tb][nan]3[ASR]3,1342,val,146,113,105
2017[Th][nan]3[ASR]1,1343,train,59,4,4
2017[Y][nan]3[ASR]1,548,train,183,162,128
2017[ZnMn][nan]3[ASR]1,1344,train,142,90,85
2017[ZnMn][nan]3[ASR]2,1345,train,139,88,84
2017[ZnSi][pcu]3[ASR]1,1346,val,68,54,48
2017[ZnSi][sql]2[ASR]1,1347,train,105,103,87
2017[ZnSi][sql]2[ASR]2,1348,train,104,102,71
2017[Zn][afw]3[ASR]1,157,train,103,51,43
2017[Zn][apo]3[ASR]1,657,train,148,103,90
2017[Zn][dia]3[ASR]10,611,train,155,127,112
2017[Zn][dia]3[ASR]12,611,train,159,129,113
2017[Zn][dia]3[ASR]14,636,train,26,25,22
2017[Zn][dia]3[ASR]4,585,train,85,67,52
2017[Zn][dia]3[ASR]5,585,train,88,68,52
2017[Zn][dia]3[ASR]6,636,train,30,25,22
2017[Zn][dia]3[ASR]7,636,train,30,25,22
2017[Zn][hcb]2[ASR]4,666,train,75,24,19
2017[Zn][lon]3[ASR]1,1349,train,138,136,114
2017[Zn][nan]2[ASR]9,1350,train,52,51,42
2017[Zn][nan]3[ASR]10,1351,train,119,105,90
2017[Zn][nan]3[ASR]25,1352,train,111,89,62
2017[Zn][nan]3[ASR]7,147,train,44,44,39
2017[Zn][pcu]3[ASR]16,1353,test,154,115,91
2017[Zn][pcu]3[ASR]17,598,train,173,136,118
2017[Zn][pcu]3[ASR]19,556,train,181,121,107
2017[Zn][rob]3[ASR]1,656,train,79,67,53
2017[Zn][sql]2[ASR]11,576,train,134,106,89
2017[Zn][sql]2[ASR]12,599,train,105,94,75
2017[Zn][sql]2[ASR]13,599,train,104,93,72
2017[Zn][sql]2[ASR]14,600,val,117,96,81
2017[Zn][sql]2[ASR]16,579,train,59,55,47
2017[Zn][sql]2[ASR]18,597,train,38,40,35
2017[Zn][sql]2[ASR]2,604,val,144,106,94
2017[Zn][sql]2[ASR]4,1354,train,58,48,46
2017[Zn][sql]2[ASR]5,566,val,75,70,64
2017[Zn][ths]3[ASR]5,155,train,59,39,34
2017[Zn][ths]3[ASR]6,155,train,58,38,34
2018[Al][nan]3[ASR]1,1355,train,197,163,153
2018[Al][nan]3[ASR]4,1356,test,198,170,154
2018[Cd][cds]3[ASR]1,215,train,92,71,59
2018[Cd][cds]3[ASR]2,18,train,99,96,85
2018[Cd][dia]3[ASR]2,170,val,35,31,29
2018[Cd][dia]3[ASR]4,248,train,154,110,100
2018[Cd][dia]3[ASR]5,248,train,138,124,107
2018[Cd][gis]3[ASR]1,1357,train,26,32,16
2018[Cd][hxl]2[ASR]1,260,train,78,73,65
2018[Cd][mab]3[ASR]1,1358,val,72,57,52
2018[Cd][mab]3[ASR]2,1359,train,71,55,50
2018[Cd][nan]2[ASR]1,1360,train,64,43,40
2018[Cd][nan]2[ASR]3,1361,train,82,70,57
2018[Cd][nan]3[ASR]2,1362,val,77,62,44
2018[Cd][nan]3[ASR]7,1363,test,52,45,37
2018[Cd][pcu]3[ASR]3,1364,train,115,82,75
2018[Cd][sql]2[ASR]2,196,train,100,78,68
2018[Cd][sql]2[ASR]3,182,test,44,38,31
2018[Cd][sql]2[ASR]6,209,train,129,116,85
2018[Cd][sql]2[ASR]8,1365,val,109,105,90
2018[Cd][tfz]3[ASR]1,1366,test,99,79,66
2018[Cd][tfz]3[ASR]2,1367,val,99,78,66
2018[Cd][unj]3[ASR]1,1368,train,123,89,72
2018[Co][flu]3[ASR]1,1369,train,52,51,41
2018[Co][fsc]3[ASR]1,1370,train,66,63,55
2018[Co][pcu]3[ASR]1,41,test,43,24,22
2018[Co][scu]3[ASR]1,362,val,40,35,35
2018[Co][sql]2[ASR]2,365,train,56,4,4
2018[Co][tfz]3[ASR]1,1371,test,110,94,78
2018[Cu][gis]3[ASR]1,1372,train,64,42,44
2018[Cu][pcu]3[ASR]1,1373,train,87,79,68
2018[Cu][sra]3[ASR]1,1374,train,80,76,66
2018[Eu][flu]3[ASR]3,1375,train,159,128,101
2018[Eu][flu]3[ASR]4,1376,train,155,116,95
2018[Eu][nan]3[ASR]6,447,train,44,27,29
2018[Fe][sql]2[ASR]2,459,train,52,43,38
2018[Mn][nan]3[ASR]2,1377,val,59,43,33
2018[Mn][nan]3[ASR]5,1378,train,151,107,96
2018[Mn][sql]2[ASR]1,500,val,65,4,4
2018[Mn][sra]3[ASR]1,501,train,157,107,105
2018[Ni][pcu]3[ASR]1,105,test,40,39,38
2018[Ni][sql]2[ASR]2,114,train,180,154,126
2018[Ni][sql]2[ASR]4,1379,train,157,150,121
2018[Ni][sql]2[ASR]5,104,train,92,64,58
2018[Tb][nan]3[ASR]4,1380,val,112,84,68
2018[Zn][acs]3[ASR]1,667,test,87,92,69
2018[Zn][apo]3[ASR]1,657,train,142,100,88
2018[Zn][cds]3[ASR]1,668,train,44,33,27
2018[Zn][dia]3[ASR]4,587,val,31,30,25
2018[Zn][flu]3[ASR]1,1381,train,108,80,78
2018[Zn][hcb]2[ASR]2,1382,train,36,25,21
2018[Zn][nan]3[ASR]13,1383,test,62,53,43
2018[Zn][nan]3[ASR]18,1384,train,174,148,126
2018[Zn][nan]3[ASR]2,160,train,153,115,93
2018[Zn][nan]3[ASR]9,1385,val,116,88,78
2018[Zn][pcu]3[ASR]4,607,train,147,132,103
2018[Zn][pts]3[ASR]1,1386,train,76,65,55
2018[Zn][sod]3[ASR]1,578,train,125,104,74
2018[Zn][sod]3[ASR]10,578,train,132,116,77
2018[Zn][sod]3[ASR]11,578,train,130,109,76
2018[Zn][sod]3[ASR]12,578,train,127,106,75
2018[Zn][sod]3[ASR]13,578,train,121,96,72
2018[Zn][sod]3[ASR]14,578,train,109,89,66
2018[Zn][sod]3[ASR]15,578,train,145,136,80
2018[Zn][sod]3[ASR]16,578,train,138,123,83
2018[Zn][sod]3[ASR]17,578,train,134,118,77
2018[Zn][sod]3[ASR]18,578,train,127,102,73
2018[Zn][sod]3[ASR]19,578,train,129,108,75
2018[Zn][sod]3[ASR]2,578,train,140,122,84
2018[Zn][sod]3[ASR]20,578,train,117,92,70
2018[Zn][sod]3[ASR]21,578,train,146,136,80
2018[Zn][sod]3[ASR]22,578,train,140,122,83
2018[Zn][sod]3[ASR]3,578,train,120,94,70
2018[Zn][sod]3[ASR]4,578,train,150,137,81
2018[Zn][sod]3[ASR]5,578,train,143,136,80
2018[Zn][sod]3[ASR]6,578,train,143,126,86
2018[Zn][sod]3[ASR]7,578,train,138,129,80
2018[Zn][sod]3[ASR]8,578,train,135,122,78
2018[Zn][sod]3[ASR]9,578,train,133,120,77
2018[Zn][sql]2[ASR]13,573,train,68,60,45
2018[Zn][sql]2[ASR]14,572,train,25,10,7
2018[Zn][sql]2[ASR]15,595,train,64,32,30
2018[Zn][sql]2[ASR]16,665,val,51,4,4
2018[Zn][sql]2[ASR]17,1387,train,54,28,26
2018[Zn][sql]2[ASR]18,672,test,93,77,63
2018[Zn][sql]2[ASR]21,575,train,52,50,44
2018[Zn][sql]2[ASR]24,144,train,154,135,118
2018[Zn][sql]2[ASR]3,1388,train,62,39,39
2019[Al][bpq]3[ASR]3,165,val,190,176,135
2019[Al][bpq]3[ASR]4,165,val,27,4,4
2019[Cd][afw]3[ASR]1,200,train,28,23,21
2019[Cd][bnn]3[ASR]1,233,train,42,35,35
2019[Cd][cds]3[ASR]1,1389,train,41,23,22
2019[Cd][hcb]2[ASR]2,176,train,26,16,12
2019[Cd][hcb]2[ASR]6,1390,test,79,59,52
2019[Cd][hcb]2[ASR]7,240,train,97,82,63
2019[Cd][hcb]2[ASR]8,204,train,26,14,13
2019[Cd][nan]2[ASR]1,224,train,68,61,53
2019[Cd][nan]2[ASR]2,12,train,106,83,69
2019[Cd][nan]3[ASR]1,244,train,81,69,56
2019[Cd][nan]3[ASR]14,1391,train,117,93,77
2019[Cd][pcu]3[ASR]1,1392,train,75,55,50
2019[Cd][pcu]3[ASR]3,1393,test,52,47,42
2019[Cd][pcu]3[ASR]4,177,test,148,165,130
2019[Cd][pcu]3[ASR]5,226,train,94,76,64
2019[Cd][pcu]3[ASR]6,227,val,138,119,99
2019[Cd][pcu]3[ASR]7,1394,test,94,83,59
2019[Cd][sql]2[ASR]1,191,train,50,22,16
2019[Cd][sql]2[ASR]10,187,train,104,83,76
2019[Cd][sql]2[ASR]11,1395,train,67,40,36
2019[Cd][sql]2[ASR]12,198,train,74,56,47
2019[Cd][sql]2[ASR]13,221,train,69,31,18
2019[Cd][sql]2[ASR]2,253,train,39,38,33
2019[Cd][sql]2[ASR]3,1396,train,44,39,31
2019[Cd][sql]2[ASR]5,1397,train,58,53,46
2019[Cd][sql]2[ASR]7,254,train,92,79,64
2019[Cd][sql]2[ASR]9,273,train,91,80,65
2019[Cd][tfz]3[ASR]1,1398,train,102,80,69
2019[Cd][ths]3[ASR]1,214,train,164,114,99
2019[CoMn][nan]3[ASR]1,1399,test,139,88,84
2019[CoMn][nan]3[ASR]2,1400,train,139,89,84
2019[Co][apo]3[ASR]1,337,train,118,112,91
2019[Co][crs]3[ASR]1,27,train,118,92,68
2019[Co][dia]3[ASR]1,342,train,48,29,27
2019[Co][dia]3[ASR]2,338,train,28,5,16
2019[Co][fsc]3[ASR]1,1401,train,79,60,56
2019[Co][lcv]3[ASR]1,1402,train,65,4,4
2019[Co][nan]2[ASR]2,340,train,34,34,27
2019[Co][nan]3[ASR]10,1403,train,114,87,66
2019[Co][nan]3[ASR]18,1404,val,104,88,68
2019[Co][nan]3[ASR]23,1405,train,87,82,59
2019[Co][nan]3[ASR]24,1406,train,52,4,4
2019[Co][nan]3[ASR]3,1407,train,117,88,67
2019[Co][nan]3[ASR]4,1408,test,133,114,89
2019[Co][nan]3[ASR]5,1409,test,136,113,93
2019[Co][nan]3[ASR]8,1410,test,106,84,75
2019[Co][pcu]3[ASR]1,1411,train,110,93,75
2019[Co][pcu]3[ASR]3,291,train,153,114,94
2019[Co][pcu]3[ASR]4,291,train,87,83,72
2019[Co][pcu]3[ASR]5,291,train,160,111,91
2019[Co][pcu]3[ASR]6,291,train,88,84,73
2019[Co][pcu]3[ASR]7,290,test,142,135,105
2019[Co][pcu]3[ASR]9,32,test,103,99,78
2019[Co][rtl]3[ASR]1,300,test,79,35,35
2019[Co][scu]3[ASR]1,362,val,48,37,38
2019[Co][sql]2[ASR]1,40,train,62,44,40
2019[Co][sql]2[ASR]2,21,train,111,79,74
2019[Co][sql]2[ASR]6,1412,train,21,21,20
2019[Co][zni]3[ASR]1,284,train,34,35,32
2019[Cu][kgd]2[ASR]1,433,train,140,121,112
2019[Cu][lvt]3[ASR]2,1413,test,93,85,78
2019[Cu][lvt]3[ASR]3,1414,val,97,87,78
2019[Cu][pcu]3[ASR]2,1415,train,127,87,77
2019[Cu][pcu]3[ASR]3,424,train,41,35,35
2019[Cu][rtl]3[ASR]2,391,val,104,57,55
2019[Cu][rtl]3[ASR]3,391,val,53,35,34
2019[Cu][sql]2[ASR]10,66,train,62,45,40
2019[Dy][pcu]3[ASR]1,1416,train,101,70,62
2019[Er][hcb]2[ASR]1,443,val,127,75,73
2019[Eu][nan]2[ASR]1,1417,train,56,4,4
2019[Fe][ant]3[ASR]2,1418,val,103,102,85
2019[Gd][nan]2[ASR]1,1419,train,52,42,35
2019[In][bpq]3[ASR]4,473,train,82,78,60
2019[In][bpq]3[ASR]5,473,train,97,86,70
2019[In][bpq]3[ASR]6,473,train,177,161,129
2019[In][cdt]3[ASR]1,1420,test,112,113,108
2019[La][nan]3[ASR]4,1421,test,118,98,77
2019[La][pcu]3[ASR]1,1422,train,101,77,69
2019[La][pcu]3[ASR]2,1423,train,101,74,66
2019[Lu][pcu]3[ASR]1,1424,train,105,76,70
2019[Lu][pcu]3[ASR]2,1425,train,103,71,63
2019[Mn][bpq]3[ASR]1,486,train,152,115,94
2019[Mn][fsc]3[ASR]1,1426,train,82,57,50
2019[Mn][sql]2[ASR]1,487,val,168,154,131
2019[Nd][nan]3[ASR]2,1427,test,114,92,75
2019[Nd][pcu]3[ASR]1,1428,train,105,76,70
2019[Nd][pcu]3[ASR]2,1429,train,101,73,64
2019[NiSi][pcu]3[ASR]1,102,test,53,50,38
2019[NiSi][pcu]3[ASR]2,102,test,54,51,38
2019[Ni][bey]2[ASR]1,1430,train,49,37,35
2019[Ni][dia]3[ASR]1,523,val,26,26,25
2019[Ni][dia]3[ASR]4,522,train,150,120,105
2019[Ni][gra]3[ASR]1,519,val,53,43,40
2019[Ni][kgm]2[ASR]1,534,test,164,142,115
2019[Ni][kgm]2[ASR]2,534,test,143,125,107
2019[Ni][nan]3[ASR]5,1431,train,137,118,90
2019[Ni][sql]2[ASR]1,507,val,52,50,44
2019[Ni][sra]3[ASR]1,508,train,34,33,28
2019[Pr][nan]3[ASR]3,1432,train,88,63,47
2019[Sm][nan]2[ASR]1,1433,train,54,44,36
2019[V][bpq]3[ASR]1,545,train,52,53,38
2019[V][bpq]3[ASR]2,543,test,115,107,82
2019[V][bpq]3[ASR]3,543,test,19,4,4
2019[V][bpq]3[ASR]4,545,train,119,96,72
2019[Yb][nan]2[ASR]1,127,train,70,58,51
2019[Yb][nan]2[ASR]2,127,train,78,68,60
2019[ZnMn][nan]3[ASR]1,1434,train,146,90,85
2019[ZnSi][pcu]3[ASR]1,120,train,79,78,77
2019[Zn][cag]3[ASR]1,562,train,99,70,68
2019[Zn][cag]3[ASR]2,562,train,84,70,68
2019[Zn][cds]3[ASR]1,1435,train,81,60,51
2019[Zn][dia]3[ASR]1,669,test,85,81,79
2019[Zn][dia]3[ASR]2,1436,train,62,50,54
2019[Zn][dia]3[ASR]6,650,train,56,42,32
2019[Zn][fsc]3[ASR]1,1437,train,90,61,51
2019[Zn][hcb]2[ASR]4,1438,train,48,33,28
2019[Zn][lon]3[ASR]2,1439,train,92,72,61
2019[Zn][lon]3[ASR]3,1440,train,98,76,65
2019[Zn][lon]3[ASR]4,1441,train,89,76,62
2019[Zn][lon]3[ASR]5,1442,val,93,67,59
2019[Zn][lon]3[ASR]6,1443,train,155,123,109
2019[Zn][lon]3[ASR]7,1444,train,80,49,47
2019[Zn][lon]3[ASR]8,1445,train,81,48,47
2019[Zn][lon]3[ASR]9,1446,train,93,71,62
2019[Zn][mog]3[ASR]1,1447,train,158,115,109
2019[Zn][mog]3[ASR]2,1448,train,139,123,109
2019[Zn][mog]3[ASR]3,134,train,132,122,105
2019[Zn][mog]3[ASR]4,134,train,134,119,103
2019[Zn][nan]2[ASR]5,1449,train,135,102,81
2019[Zn][nan]2[ASR]6,1450,train,130,84,69
2019[Zn][nan]2[ASR]9,1451,train,141,104,86
2019[Zn][nan]3[ASR]17,1452,val,39,33,31
2019[Zn][nan]3[ASR]18,1453,train,39,31,30
2019[Zn][nan]3[ASR]19,1454,train,38,30,30
2019[Zn][nan]3[ASR]20,1455,val,39,30,30
2019[Zn][nan]3[ASR]21,1456,test,38,27,29
2019[Zn][nan]3[ASR]22,1457,train,39,29,29
2019[Zn][nan]3[ASR]23,1458,train,78,54,59
2019[Zn][nan]3[ASR]24,1459,train,75,56,59
2019[Zn][nan]3[ASR]6,1460,train,112,51,69
2019[Zn][pcu]3[ASR]4,632,train,103,95,74
2019[Zn][pts]3[ASR]3,1461,train,81,87,77
2019[Zn][pts]3[ASR]4,664,train,105,82,73
2019[Zn][sql]2[ASR]10,621,test,79,78,71
2019[Zn][sql]2[ASR]12,628,test,46,43,38
2019[Zn][sql]2[ASR]14,592,train,39,40,36
2019[Zn][sql]2[ASR]15,628,test,37,36,33
2019[Zn][sql]2[ASR]16,592,train,42,42,37
2019[Zn][sql]2[ASR]17,592,train,42,42,37
2019[Zn][sql]2[ASR]18,592,train,50,43,40
2019[Zn][sql]2[ASR]19,567,train,44,58,41
2019[Zn][sql]2[ASR]20,628,test,40,38,34
2019[Zn][sql]2[ASR]22,551,train,52,51,46
2019[Zn][sql]2[ASR]23,159,train,126,87,72
2019[Zn][sql]2[ASR]4,552,train,39,36,28
2019[Zr][bey]2[ASR]1,1462,train,130,116,94
2019[Zr][nan]3[ASR]2,1463,train,153,142,83
2020[Al][nan]3[ASR]1,1464,train,88,77,66
2020[Al][nan]3[ASR]2,1465,train,85,70,63
2020[Al][nan]3[ASR]3,1466,train,86,73,65
2020[Al][stp]3[ASR]1,166,train,22,26,24
2020[Cd][cds]3[ASR]1,1467,train,67,45,43
2020[Cd][dia]3[ASR]3,195,train,102,77,69
2020[Cd][dia]3[ASR]5,261,train,36,35,33
2020[Cd][dia]3[ASR]6,269,train,39,4,4
2020[Cd][hcb]2[ASR]1,3,train,34,35,32
2020[Cd][hcb]2[ASR]3,1468,train,95,65,56
2020[Cd][hcb]2[ASR]5,1469,train,112,83,69
2020[Cd][hms]3[ASR]1,219,train,105,74,72
2020[Cd][kgd]2[ASR]2,1470,train,116,96,81
2020[Cd][kgd]2[ASR]3,16,val,68,52,43
2020[Cd][nan]2[ASR]1,1471,train,59,38,35
2020[Cd][nan]2[ASR]2,1472,train,59,38,35
2020[Cd][nan]2[ASR]5,1473,train,47,35,34
2020[Cd][nan]3[ASR]4,1474,train,88,74,63
2020[Cd][nan]3[ASR]6,1475,train,96,67,61
2020[Cd][nan]3[ASR]7,1476,val,80,69,63
2020[Cd][pcu]3[ASR]3,186,train,90,78,68
2020[Cd][pts]3[ASR]1,1477,test,52,47,46
2020[Cd][rtl]3[ASR]1,241,train,83,92,72
2020[Cd][sql]2[ASR]10,172,train,44,29,28
2020[Cd][sql]2[ASR]11,239,train,122,101,82
2020[Cd][sql]2[ASR]2,171,train,90,77,61
2020[Cd][sql]2[ASR]3,15,train,64,53,42
2020[Cd][sql]2[ASR]5,220,train,74,69,56
2020[Cd][sql]2[ASR]6,257,train,76,52,44
2020[Cd][sql]2[ASR]7,236,train,97,68,62
2020[Cd][sql]2[ASR]8,258,train,99,74,66
2020[Ce][pts]3[ASR]1,19,val,118,80,70
2020[Co][ant]3[ASR]1,292,train,26,26,24
2020[Co][ant]3[ASR]2,292,train,27,26,25
2020[Co][dia]3[ASR]1,359,train,57,48,42
2020[Co][dia]3[ASR]2,333,test,82,63,56
2020[Co][fsc]3[ASR]1,363,train,65,59,51
2020[Co][fsc]3[ASR]2,1478,train,52,36,31
2020[Co][hcb]2[ASR]1,22,train,50,35,32
2020[Co][hex]3[ASR]1,44,train,65,53,46
2020[Co][ins]3[ASR]1,320,train,107,67,57
2020[Co][mab]3[ASR]1,349,test,157,132,108
2020[Co][nan]2[ASR]1,1479,train,51,40,33
2020[Co][nan]2[ASR]2,1480,train,106,87,78
2020[Co][nan]2[ASR]4,1481,train,37,35,33
2020[Co][nan]2[ASR]5,1482,train,52,51,34
2020[Co][nan]2[ASR]8,1483,train,52,50,30
2020[Co][nan]3[ASR]17,1484,train,34,4,4
2020[Co][nan]3[ASR]18,1485,train,33,4,5
2020[Co][nan]3[ASR]19,1486,train,162,136,110
2020[Co][nan]3[ASR]4,1487,train,119,108,89
2020[Co][pcu]3[ASR]1,281,train,48,37,31
2020[Co][pcu]3[ASR]3,355,val,154,121,96
2020[Co][rob]3[ASR]1,348,val,70,55,45
2020[Co][sql]2[ASR]10,46,train,59,55,43
2020[Co][sql]2[ASR]11,324,train,103,83,77
2020[Co][sql]2[ASR]2,277,test,81,63,54
2020[Co][sql]2[ASR]3,347,train,112,76,67
2020[Co][sql]2[ASR]4,347,train,109,75,66
2020[Co][tfz]3[ASR]1,1488,train,167,137,102
2020[CuGe][sql]2[ASR]1,1489,train,144,116,97
2020[CuGe][sql]2[ASR]2,1490,train,116,118,108
2020[CuGe][sql]2[ASR]3,1491,train,150,116,107
2020[CuNb][sql]2[ASR]2,1492,train,116,113,95
2020[CuNb][sql]2[ASR]3,1493,train,149,125,100
2020[CuSi][pcu]2[ASR]2,52,val,49,9,9
2020[CuYb][stp]3[ASR]1,1494,train,68,69,53
2020[CuZr][pcu]3[ASR]1,58,train,118,117,109
2020[Cu][eea]3[ASR]1,416,test,129,90,78
2020[Cu][mab]3[ASR]1,426,train,85,67,61
2020[Cu][rob]3[ASR]1,400,train,31,26,25
2020[Cu][rob]3[ASR]2,395,train,63,54,45
2020[Eu][flu]3[ASR]2,1495,train,153,123,96
2020[Eu][htp]3[ASR]1,1496,train,55,52,51
2020[Eu][nan]3[ASR]6,1497,train,83,62,54
2020[Fe][met]3[ASR]1,453,train,44,47,39
2020[Fe][met]3[ASR]2,453,train,122,138,105
2020[Fe][stp]3[ASR]1,465,train,113,88,58
2020[Gd][nan]2[ASR]1,1498,train,28,4,4
2020[Gd][nan]3[ASR]2,1499,test,81,60,53
2020[In][hcb]2[ASR]1,475,train,180,125,106
2020[La][pts]3[ASR]1,88,train,120,81,72
2020[Mg][nan]3[ASR]3,1500,train,180,135,99
2020[Mg][nan]3[ASR]4,1501,train,169,127,95
2020[Mg][nan]3[ASR]5,1502,val,165,125,94
2020[Mg][nan]3[ASR]6,1503,train,163,124,94
2020[Mg][nan]3[ASR]7,1504,train,59,57,50
2020[Mg][nan]3[ASR]8,1505,train,65,5,7
2020[Mg][nan]3[ASR]9,1506,train,59,57,50
2020[Mg][rtl]3[ASR]1,1507,test,43,27,26
2020[Mn][ant]3[ASR]2,484,train,30,26,25
2020[Mn][nan]3[ASR]2,1508,test,43,43,39
2020[Mn][nan]3[ASR]3,1509,test,76,58,51
2020[Mn][pcu]3[ASR]1,96,train,44,24,21
2020[Mn][sql]2[ASR]4,99,train,58,55,43
2020[Mn][tav]3[ASR]1,1510,train,23,36,24
2020[Ni][dia]3[ASR]2,518,train,161,140,121
2020[Ni][nan]3[ASR]4,1511,train,93,84,72
2020[Ni][nan]3[ASR]5,1512,train,26,11,13
2020[Pr][pts]3[ASR]1,117,test,122,79,71
2020[Ru][sql]2[ASR]1,119,train,56,50,44
2020[Tb][flu]3[ASR]1,1513,train,154,117,95
2020[Tb][htp]3[ASR]1,1514,train,53,52,51
2020[Tb][nan]3[ASR]3,539,train,120,99,84
2020[Tb][nan]3[ASR]6,1515,train,77,56,52
2020[Tb][pcu]3[ASR]2,540,train,169,138,101
2020[Ti][bcu]3[ASR]1,125,train,75,61,59
2020[Ti][bcu]3[ASR]2,126,train,127,97,92
2020[Ti][nan]3[ASR]1,1516,train,98,58,57
2020[Ti][nan]3[ASR]3,1517,val,94,79,64
2020[V][nan]3[ASR]1,1518,train,139,115,99
2020[V][nan]3[ASR]2,1519,train,139,115,99
2020[Y][mog]3[ASR]1,1520,train,132,64,54
2020[Zn][bbf]3[ASR]2,568,val,88,69,59
2020[Zn][bex]2[ASR]1,1521,train,76,58,51
2020[Zn][dia]3[ASR]12,1522,val,81,43,48
2020[Zn][dia]3[ASR]6,623,train,138,97,82
2020[Zn][dia]3[ASR]7,608,train,106,106,97
2020[Zn][dmc]3[ASR]1,1523,train,113,81,79
2020[Zn][fsc]3[ASR]1,1524,test,139,79,72
2020[Zn][hcb]2[ASR]1,560,test,150,114,81
2020[Zn][hcb]2[ASR]2,1525,val,54,40,36
2020[Zn][hcb]2[ASR]4,1526,test,43,25,22
2020[Zn][hcb]2[ASR]5,588,train,79,66,55
2020[Zn][nan]3[ASR]12,1527,test,84,60,56
2020[Zn][nan]3[ASR]13,1528,test,142,99,91
2020[Zn][nan]3[ASR]14,1529,train,89,64,58
2020[Zn][nan]3[ASR]15,1530,train,138,105,95
2020[Zn][nan]3[ASR]21,1531,train,144,116,102
2020[Zn][nan]3[ASR]3,1532,test,43,43,39
2020[Zn][nan]3[ASR]4,1533,train,91,74,61
2020[Zn][nan]3[ASR]52,1534,train,51,34,31
2020[Zn][nan]3[ASR]53,1535,train,83,64,57
2020[Zn][nan]3[ASR]57,1536,train,73,46,56
2020[Zn][nan]3[ASR]58,1537,train,68,42,50
2020[Zn][nan]3[ASR]59,1538,train,78,49,57
2020[Zn][nan]3[ASR]60,1539,train,75,48,57
2020[Zn][nan]3[ASR]65,1540,train,104,64,61
2020[Zn][pcu]3[ASR]11,584,train,121,103,86
2020[Zn][pcu]3[ASR]12,1541,train,58,38,32
2020[Zn][pcu]3[ASR]13,648,train,32,26,24
2020[Zn][qtz]3[ASR]1,660,train,105,82,70
2020[Zn][rob]3[ASR]2,619,train,56,51,42
2020[Zn][scu]3[ASR]1,663,train,50,43,40
2020[Zn][sod]3[ASR]1,142,train,157,129,94
2020[Zn][sql]2[ASR]11,641,test,98,78,73
2020[Zn][sql]2[ASR]12,642,test,87,55,51
2020[Zn][sql]2[ASR]14,553,train,41,29,28
2020[Zn][sql]2[ASR]15,645,train,105,77,68
2020[Zn][sql]2[ASR]18,555,test,34,32,29
2020[Zn][sql]2[ASR]19,637,train,102,84,74
2020[Zn][sql]2[ASR]20,651,train,37,50,37
2020[Zn][sql]2[ASR]21,622,test,103,85,79
2020[Zn][sql]2[ASR]22,580,train,56,51,43
2020[Zn][sql]2[ASR]3,1542,test,76,55,44
2020[Zn][sra]3[ASR]1,634,train,115,94,73
2020[Zn][sra]3[ASR]2,634,train,114,99,83
2021[Al][nan]3[ASR]1,1543,train,165,129,111
2021[Al][nan]3[ASR]10,1544,test,156,124,106
2021[Al][nan]3[ASR]11,1545,train,157,124,106
2021[Al][nan]3[ASR]12,1546,train,155,123,105
2021[Al][nan]3[ASR]13,1547,val,154,123,106
2021[Al][nan]3[ASR]14,1548,train,129,92,86
2021[Al][nan]3[ASR]15,1549,train,136,99,90
2021[Al][nan]3[ASR]16,1550,test,164,138,111
2021[Al][nan]3[ASR]17,1551,train,164,129,110
2021[Al][nan]3[ASR]18,1552,train,165,129,110
2021[Al][nan]3[ASR]19,1553,test,153,124,105
2021[Al][nan]3[ASR]2,1554,train,168,132,112
2021[Al][nan]3[ASR]20,1555,train,155,134,108
2021[Al][nan]3[ASR]21,1556,train,138,97,89
2021[Al][nan]3[ASR]22,1557,train,152,119,104
2021[Al][nan]3[ASR]3,1558,test,169,126,109
2021[Al][nan]3[ASR]4,1559,train,159,123,106
2021[Al][nan]3[ASR]5,1560,test,159,123,106
2021[Al][nan]3[ASR]6,1561,train,156,124,106
2021[Al][nan]3[ASR]7,1562,train,155,123,105
2021[Al][nan]3[ASR]8,1563,train,152,122,105
2021[Al][nan]3[ASR]9,1564,train,161,124,106
2021[Cd][fsc]3[ASR]1,267,train,113,109,87
2021[Cd][fsc]3[ASR]2,267,train,126,114,92
2021[Cd][gra]3[ASR]1,1565,train,126,103,90
2021[Cd][hcb]2[ASR]1,1566,train,71,68,58
2021[Cd][nan]2[ASR]1,213,train,39,26,26
2021[Cd][pcu]3[ASR]1,1567,train,102,72,71
2021[Cd][pcu]3[ASR]3,228,train,65,40,40
2021[Cd][pcu]3[ASR]4,179,train,85,69,61
2021[Cd][sql]2[ASR]2,6,train,131,110,81
2021[Cd][sql]2[ASR]4,230,train,50,38,31
2021[Cd][sql]2[ASR]5,5,test,102,77,64
2021[Cd][sql]2[ASR]6,1568,train,110,72,74
2021[Cd][tfz]3[ASR]6,1569,train,91,78,67
2021[Ce][flu]3[ASR]1,1570,train,173,138,104
2021[Co][dia]3[ASR]1,356,train,105,108,105
2021[Co][dia]3[ASR]2,358,val,45,41,36
2021[Co][kgd]2[ASR]1,331,train,127,108,101
2021[Co][nan]3[ASR]10,1571,test,103,87,67
2021[Co][nan]3[ASR]15,1572,test,55,52,50
2021[Co][nan]3[ASR]16,1573,train,87,66,59
2021[Co][nan]3[ASR]5,1574,train,40,45,38
2021[Co][nan]3[ASR]6,1575,train,97,72,59
2021[Co][nan]3[ASR]8,1576,train,104,29,42
2021[Co][nan]3[ASR]9,1577,test,57,53,50
2021[Co][pcu]3[ASR]1,317,test,58,50,43
2021[Co][pcu]3[ASR]4,45,train,71,57,44
2021[Co][pcu]3[ASR]5,323,test,57,48,39
2021[Co][pcu]3[ASR]6,323,test,63,47,37
2021[Co][pcu]3[ASR]7,323,test,70,44,35
2021[Co][rtl]3[ASR]1,335,val,71,71,61
2021[Co][scu]3[ASR]1,1578,train,38,28,28
2021[Co][sql]2[ASR]1,1579,train,109,85,75
2021[CuW][nan]3[ASR]1,377,train,104,78,68
2021[Cu][crs]3[ASR]1,62,train,148,121,96
2021[Cu][rtl]3[ASR]1,384,train,113,105,84
2021[Cu][rtl]3[ASR]2,382,train,59,35,34
2021[Cu][rtl]3[ASR]3,383,val,69,36,36
2021[Cu][rtl]3[ASR]4,389,train,70,47,41
2021[Cu][rtl]3[ASR]5,390,train,69,38,39
2021[Cu][sql]2[ASR]1,64,train,142,136,122
2021[Cu][sql]2[ASR]4,1580,train,76,58,54
2021[Eu][ant]3[ASR]1,1581,train,25,4,4
2021[Eu][dia]3[ASR]1,1582,train,74,69,61
2021[Eu][nan]3[ASR]1,448,train,124,104,87
2021[Eu][pcu]3[ASR]1,79,train,17,14,9
2021[Fe][bpq]3[ASR]1,460,val,151,116,103
2021[Mn][kgd]2[ASR]1,489,train,121,108,101
2021[Mn][kgd]2[ASR]2,489,train,129,108,99
2021[Mn][kgd]2[ASR]3,489,train,121,107,101
2021[Mn][nan]3[ASR]1,1583,train,71,72,59
2021[Ni][dia]3[ASR]1,530,train,58,51,46
2021[Y][acs]3[ASR]1,550,train,154,121,93
2021[Zn][dia]3[ASR]3,654,test,93,72,63
2021[Zn][dia]3[ASR]4,137,train,127,106,91
2021[Zn][dia]3[ASR]5,554,train,110,70,67
2021[Zn][dmc]3[ASR]1,1584,train,118,60,64
2021[Zn][dmc]3[ASR]2,1585,train,91,66,59
2021[Zn][fsc]3[ASR]1,1586,train,43,32,31
2021[Zn][fsc]3[ASR]2,1587,val,49,34,28
2021[Zn][hcb]2[ASR]1,670,train,61,55,47
2021[Zn][nan]2[ASR]2,1588,test,45,42,20
2021[Zn][nan]3[ASR]17,1589,val,75,45,55
2021[Zn][nan]3[ASR]18,1590,train,76,46,55
2021[Zn][nan]3[ASR]19,1591,test,77,52,58
2021[Zn][nan]3[ASR]20,1592,train,56,50,42
2021[Zn][nan]3[ASR]21,1593,train,57,50,42
2021[Zn][nan]3[ASR]22,1594,train,51,43,34
2021[Zn][nan]3[ASR]23,1595,train,62,52,47
2021[Zn][pcu]3[ASR]11,561,train,81,72,63
2021[Zn][pcu]3[ASR]12,1596,val,128,119,106
2021[Zn][pcu]3[ASR]13,149,val,130,116,106
2021[Zn][sql]2[ASR]1,1597,train,117,98,77
2021[Zn][tfz]3[ASR]1,1598,train,59,46,41
2021[Zn][utp]3[ASR]1,644,train,41,34,28
2022[Cd][bcu]3[ASR]1,1599,train,123,75,68
2022[Cd][nan]2[ASR]2,1600,train,85,60,44
2022[Cd][nan]3[ASR]7,1601,train,51,28,28
2022[Cd][pcu]3[ASR]1,174,train,119,99,83
2022[Cd][sdd]2[ASR]1,199,train,56,35,33
2022[Cd][sql]2[ASR]1,223,train,54,38,33
2022[Ce][ant]3[ASR]1,1602,train,26,4,4
2022[Ce][nan]3[ASR]1,1603,train,148,119,81
2022[Co][mab]3[ASR]1,1604,train,48,38,32
2022[Co][nan]3[ASR]1,1605,train,136,107,75
2022[Co][nan]3[ASR]10,1606,train,161,123,109
2022[Co][nan]3[ASR]11,1607,train,160,126,98
2022[Co][nan]3[ASR]3,1608,train,157,128,104
2022[Co][nan]3[ASR]4,1609,train,133,87,82
2022[Cu][pcu]3[ASR]1,60,train,36,34,31
2022[Cu][rob]3[ASR]1,406,train,50,49,39
2022[Er][ant]3[ASR]1,1610,train,22,4,4
2022[Eu][ant]3[ASR]1,1611,train,24,5,4
2022[Eu][hcb]2[ASR]1,1612,train,29,24,20
2022[Eu][hcb]2[ASR]3,78,train,44,4,8
2022[Eu][sql]2[ASR]1,77,train,89,75,64
2022[Fe][rtl]3[ASR]1,461,train,45,28,27
2022[Gd][ant]3[ASR]1,1613,train,24,4,4
2022[Gd][hcb]2[ASR]1,1614,train,27,23,20
2022[In][nan]2[ASR]1,476,train,103,82,68
2022[La][alb]3[ASR]1,90,train,88,66,64
2022[La][alb]3[ASR]2,1615,train,89,66,63
2022[La][nan]2[ASR]1,1616,train,78,52,50
2022[Mn][nan]3[ASR]2,1617,train,70,55,44
2022[Ni][dia]3[ASR]1,529,train,45,44,40
2022[Ni][nan]3[ASR]1,1618,train,105,77,62
2022[Pr][ant]3[ASR]1,1619,test,25,4,4
2022[Sc][bpq]3[ASR]1,536,train,136,99,81
2022[Sc][bpq]3[ASR]2,536,train,133,99,81
2022[Sc][bpq]3[ASR]3,536,train,129,97,79
2022[Sc][bpq]3[ASR]4,536,train,132,97,79
2022[Sc][bpq]3[ASR]5,536,train,121,95,78
2022[Sc][bpq]3[ASR]6,536,train,119,91,76
2022[Sm][ant]3[ASR]1,1620,val,25,4,4
2022[Tb][ant]3[ASR]1,1621,train,24,4,4
2022[Tb][hcb]2[ASR]1,1622,test,30,24,20
2022[Tb][sql]2[ASR]1,121,train,102,74,61
2022[Y][nan]3[ASR]3,1623,val,23,4,4
2022[Zn][dmp]3[ASR]1,136,train,105,79,68
2022[Zn][lon]3[ASR]1,1624,val,88,63,61
2022[Zn][lon]3[ASR]2,1625,train,76,68,63
2022[Zn][lon]3[ASR]3,1626,train,72,66,61
2022[Zn][lon]3[ASR]4,1627,train,66,60,60
2022[Zn][nan]3[ASR]1,1628,train,69,50,46
2022[Zn][nan]3[ASR]10,1629,train,155,147,133
2022[Zn][nan]3[ASR]15,1630,train,160,152,141
2022[Zn][nan]3[ASR]16,1631,train,143,129,109
2022[Zn][nan]3[ASR]20,1632,train,142,127,106
2022[Zn][pcu]3[ASR]3,659,train,157,121,97
2022[Zn][pts]3[ASR]7,674,train,42,32,30
2022[Zn][qtz]3[ASR]1,135,train,86,80,60
2022[Zn][sql]2[ASR]7,1633,test,92,68,52
2022[Zn][sra]3[ASR]1,675,test,118,108,101
2022[Zn][umc]3[ASR]1,1634,train,117,94,81
2023[Cd][bey]2[ASR]1,13,val,134,117,91
2023[Cd][fsc]3[ASR]1,1635,train,86,67,60
2023[Cd][hex]3[ASR]1,197,train,159,129,109
2023[Cd][kgd]2[ASR]2,270,val,33,32,32
2023[Cd][nan]3[ASR]4,1636,train,53,52,49
2023[Cd][pcu]3[ASR]1,1637,train,107,101,88
2023[Cd][rtl]3[ASR]1,271,train,108,100,87
2023[Cd][sod]3[ASR]1,175,train,70,77,59
2023[Cd][sql]2[ASR]1,237,train,105,91,82
2023[Cd][sql]2[ASR]4,225,train,152,127,102
2023[Co][kgd]2[ASR]1,42,test,56,40,37
2023[Co][nan]3[ASR]14,1638,train,52,4,7
2023[Co][nan]3[ASR]2,1639,test,166,141,117
2023[Co][nan]3[ASR]3,1640,train,47,38,34
2023[Co][nan]3[ASR]6,1641,train,61,45,38
2023[Co][nan]3[ASR]7,1642,train,65,46,38
2023[Co][pcu]3[ASR]1,341,train,32,26,24
2023[Co][pcu]3[ASR]2,354,train,126,95,75
2023[Co][pcu]3[ASR]3,328,train,155,141,119
2023[Co][sql]2[ASR]3,332,train,105,64,71
2023[Co][sql]2[ASR]4,49,test,106,88,65
2023[CuNb][sql]2[ASR]1,1643,train,59,58,51
2023[Cu][fsc]2[ASR]1,432,test,122,114,88
2023[Cu][rob]3[ASR]1,434,train,79,71,53
2023[Cu][sql]2[ASR]2,69,train,96,75,68
2023[Dy][hcb]2[ASR]2,1644,train,146,115,95
2023[Er][nan]3[ASR]2,444,train,96,76,66
2023[Eu][mog]3[ASR]1,81,test,51,39,35
2023[Eu][mog]3[ASR]2,81,test,49,38,35
2023[Fe][sql]2[ASR]1,457,train,52,49,44
2023[Hf][nan]3[ASR]1,1645,train,50,51,30
2023[Ho][nan]3[ASR]2,470,train,96,76,66
2023[In][dia]3[ASR]2,472,train,111,94,91
2023[Mg][bpq]3[ASR]1,482,train,105,95,82
2023[Mg][bpq]3[ASR]2,482,train,121,105,96
2023[Mg][bpq]3[ASR]3,482,train,168,141,118
2023[Mn][fsc]3[ASR]1,499,test,115,114,92
2023[Mn][pcu]3[ASR]1,97,train,78,58,45
2023[Mn][sql]2[ASR]1,98,train,144,122,105
2023[Ni][ddi]3[ASR]3,511,train,176,152,121
2023[Ni][dia]3[ASR]1,529,train,45,42,36
2023[Ni][nan]2[ASR]1,1646,train,85,56,50
2023[Sc][bpq]3[ASR]1,536,train,90,64,54
2023[Sc][bpq]3[ASR]2,536,train,95,70,56
2023[Tb][nan]3[ASR]1,1647,train,88,59,60
2023[Tb][nan]3[ASR]3,538,train,99,77,66
2023[Th][nan]3[ASR]1,1648,train,132,85,74
2023[Tm][nan]3[ASR]1,542,train,95,76,65
2023[V][sea]3[ASR]1,1649,train,122,93,77
2023[Yb][nan]3[ASR]1,1650,train,124,95,78
2023[Yb][nan]3[ASR]2,546,train,94,78,68
2023[Zn][dia]3[ASR]2,630,train,73,55,47
2023[Zn][nan]2[ASR]4,1651,train,118,101,78
2023[Zn][nan]2[ASR]5,601,train,68,54,48
2023[Zn][nan]3[ASR]1,577,train,124,116,105
2023[Zn][nan]3[ASR]10,1652,train,98,77,66
2023[Zn][nan]3[ASR]16,1653,train,71,70,65
2023[Zn][nan]3[ASR]2,577,train,114,60,61
2023[Zn][nan]3[ASR]24,1654,train,138,117,101
2023[Zn][nan]3[ASR]3,577,train,155,124,114
2023[Zn][nan]3[ASR]4,577,train,156,121,112
2023[Zn][nan]3[ASR]5,577,train,145,103,92
2023[Zn][nan]3[ASR]6,593,train,135,111,98
2023[Zn][nan]3[ASR]7,577,train,150,112,98
2023[Zn][nan]3[ASR]8,577,train,160,126,115
2023[Zn][nan]3[ASR]9,577,train,103,64,60
2023[Zn][sql]2[ASR]1,596,train,39,35,29
2023[Zn][sql]2[ASR]10,596,train,38,35,30
2023[Zn][sql]2[ASR]11,596,train,37,34,29
2023[Zn][sql]2[ASR]12,596,train,53,49,41
2023[Zn][sql]2[ASR]13,596,train,36,35,27
2023[Zn][sql]2[ASR]14,596,train,39,37,30
2023[Zn][sql]2[ASR]15,596,train,37,36,28
2023[Zn][sql]2[ASR]16,596,train,39,37,30
2023[Zn][sql]2[ASR]17,596,train,40,37,31
2023[Zn][sql]2[ASR]18,596,train,38,37,30
2023[Zn][sql]2[ASR]19,596,train,50,47,38
2023[Zn][sql]2[ASR]2,596,train,39,36,29
2023[Zn][sql]2[ASR]20,596,train,37,33,27
2023[Zn][sql]2[ASR]21,596,train,40,37,30
2023[Zn][sql]2[ASR]22,596,train,39,37,31
2023[Zn][sql]2[ASR]23,596,train,39,38,31
2023[Zn][sql]2[ASR]26,610,train,131,113,88
2023[Zn][sql]2[ASR]3,596,train,39,36,30
2023[Zn][sql]2[ASR]4,596,train,38,36,28
2023[Zn][sql]2[ASR]5,596,train,36,34,27
2023[Zn][sql]2[ASR]6,596,train,50,48,38
2023[Zn][sql]2[ASR]7,596,train,38,37,30
2023[Zn][sql]2[ASR]8,596,train,39,37,30
2023[Zn][sql]2[ASR]9,596,train,38,36,29
2023[Zn][sra]3[ASR]1,1655,train,122,106,91
2023[Zr][nan]3[ASR]1,1656,train,51,51,33
2024[Cd][dia]3[ASR]1,190,train,73,57,52
2024[Cd][nan]2[ASR]4,9,train,39,35,28
2024[Co][pcu]3[ASR]1,341,train,32,26,24
2024[Co][pcu]3[ASR]2,372,test,117,93,74
2024[Co][sql]2[ASR]2,330,train,34,32,30
2024[Cu][pcu]3[ASR]1,401,val,33,4,4
2024[Cu][pcu]3[ASR]2,401,val,32,34,28
2024[Cu][pcu]3[ASR]3,401,val,32,34,28
2024[Cu][tfz]3[ASR]1,436,train,86,75,50
2024[Eu][nan]3[ASR]2,1657,train,88,59,60
2024[Mn][pcu]3[ASR]1,1658,train,76,58,48
2024[Mn][pts]3[ASR]1,1659,train,63,40,36
2024[Mn][scu]3[ASR]1,498,train,50,44,39
2024[Ni][sql]2[ASR]2,516,train,78,72,56
2024[Zn][bnn]3[ASR]1,1660,train,36,28,27
2024[Zn][crb]3[ASR]1,563,train,130,97,79
2024[Zn][crb]3[ASR]10,563,train,131,98,79
2024[Zn][crb]3[ASR]11,563,train,131,97,79
2024[Zn][crb]3[ASR]12,563,train,130,97,79
2024[Zn][crb]3[ASR]13,563,train,129,97,79
2024[Zn][crb]3[ASR]14,563,train,131,97,79
2024[Zn][crb]3[ASR]15,563,train,131,97,79
2024[Zn][crb]3[ASR]16,563,train,130,96,79
2024[Zn][crb]3[ASR]17,563,train,129,97,78
2024[Zn][crb]3[ASR]18,563,train,131,97,79
2024[Zn][crb]3[ASR]19,563,train,129,98,79
2024[Zn][crb]3[ASR]2,563,train,131,97,79
2024[Zn][crb]3[ASR]20,563,train,131,97,79
2024[Zn][crb]3[ASR]21,563,train,129,97,78
2024[Zn][crb]3[ASR]22,563,train,132,98,79
2024[Zn][crb]3[ASR]23,563,train,131,97,79
2024[Zn][crb]3[ASR]24,563,train,130,98,79
2024[Zn][crb]3[ASR]25,563,train,131,96,79
2024[Zn][crb]3[ASR]26,563,train,130,97,79
2024[Zn][crb]3[ASR]27,563,train,131,97,79
2024[Zn][crb]3[ASR]28,563,train,131,97,79
2024[Zn][crb]3[ASR]29,563,train,128,96,79
2024[Zn][crb]3[ASR]3,563,train,130,97,79
2024[Zn][crb]3[ASR]30,563,train,134,100,81
2024[Zn][crb]3[ASR]31,563,train,135,100,81
2024[Zn][crb]3[ASR]32,563,train,131,96,78
2024[Zn][crb]3[ASR]4,563,train,134,101,81
2024[Zn][crb]3[ASR]5,563,train,129,97,79
2024[Zn][crb]3[ASR]6,563,train,130,97,79
2024[Zn][crb]3[ASR]7,563,train,130,97,79
2024[Zn][crb]3[ASR]8,563,train,133,100,81
2024[Zn][crb]3[ASR]9,563,train,129,98,79
2024[Zn][sql]2[ASR]3,156,train,99,75,69
2024[Zn][sql]2[ASR]4,629,train,35,32,30
2024[Zn][sra]3[ASR]1,633,test,161,121,99
2024[Zn][sra]3[ASR]2,633,test,159,121,99
