mof_id,parent_group_id,split
0000[AsCd][cds]3[ASR]1,678,train
0000[Cd][bcu]3[ASR]1,245,train
0000[Cd][dia]3[ASR]1,181,val
0000[Cd][fsc]3[ASR]1,267,train
0000[Cd][nan]3[ASR]3,679,train
0000[Cd][pcu]3[ASR]1,235,train
0000[Cd][pcu]3[ASR]3,256,train
0000[Cd][pts]3[ASR]1,680,train
0000[Cd][pts]3[ASR]2,681,train
0000[Cd][sql]2[ASR]2,184,train
0000[Cd][sql]2[ASR]3,4,train
0000[CeZr][pth]3[ASR]1,682,train
0000[Co][dia]3[ASR]1,313,test
0000[Co][dia]3[ASR]2,683,train
0000[Co][fsc]3[ASR]1,364,test
0000[Co][ins]3[ASR]1,684,train
0000[Co][ins]3[ASR]2,685,train
0000[Co][ins]3[ASR]3,326,train
0000[Co][mab]3[ASR]1,304,train
0000[Co][nan]2[ASR]1,686,train
0000[Co][nan]2[ASR]2,687,test
0000[Co][nan]3[ASR]1,688,train
0000[Co][nan]3[ASR]10,689,test
0000[Co][nan]3[ASR]11,690,train
0000[Co][nan]3[ASR]12,691,train
0000[Co][nan]3[ASR]16,692,train
0000[Co][nan]3[ASR]17,693,train
0000[Co][nan]3[ASR]3,694,train
0000[Co][nan]3[ASR]4,695,train
0000[Co][nan]3[ASR]6,696,train
0000[Co][nan]3[ASR]7,697,train
0000[Co][nan]3[ASR]9,698,train
0000[Co][pcu]3[ASR]1,339,test
0000[Co][rho]3[ASR]1,29,train
0000[Co][sql]2[ASR]1,699,train
0000[Co][sql]2[ASR]3,309,train
0000[CuSi][pcu]3[ASR]1,54,train
0000[CuTb][stp]3[ASR]1,700,train
0000[Cu][apo]3[ASR]1,421,train
0000[Cu][dia]3[ASR]1,379,train
0000[Cu][etb]3[ASR]1,701,train
0000[Cu][nan]3[ASR]1,409,train
0000[Cu][noz]3[ASR]1,702,train
0000[Cu][srs]3[ASR]1,410,test
0000[Dy][tsi]3[ASR]1,703,train
0000[Er][pcu]3[ASR]1,704,train
0000[Eu][nan]3[ASR]1,451,test
0000[Eu][tsi]3[ASR]1,705,train
0000[Fe][dia]3[ASR]1,706,test
0000[Fe][pcu]3[ASR]2,463,train
0000[Fe][pts]3[ASR]1,86,train
0000[Gd][pcu]3[ASR]2,707,train
0000[Mn][ant]3[ASR]1,495,train
0000[Mn][nan]3[ASR]2,708,train
0000[Mn][sra]3[ASR]1,709,val
0000[NiLa][stp]3[ASR]1,710,train
0000[Ni][dia]3[ASR]1,533,test
0000[Ni][dia]3[ASR]2,711,train
0000[Ni][dia]3[ASR]3,532,train
0000[Ni][pcu]3[ASR]3,712,train
0000[Pr][crs]3[ASR]1,713,train
0000[SiCu][pcu]3[ASR]1,53,train
0000[Tb][nan]3[ASR]1,122,val
0000[Tb][nan]3[ASR]4,538,train
0000[Zn][dia]3[ASR]1,673,train
0000[Zn][dia]3[ASR]4,643,train
0000[Zn][ins]3[ASR]1,602,train
0000[Zn][nan]3[ASR]4,714,train
0000[Zn][nan]3[ASR]5,715,train
0000[Zn][sod]3[ASR]1,578,train
1995[Al][nan]3[ASR]1,716,train
1996[La][nia]3[ASR]1,717,train
1998[Co][nan]3[ASR]1,718,test
2000[Eu][nia]3[ASR]1,719,train
2000[Pr][nia]3[ASR]1,720,train
2001[Cd][nan]3[ASR]1,272,train
2001[Co][dia]3[ASR]1,721,test
2001[Co][dia]3[ASR]2,722,train
2001[Co][dia]3[ASR]3,723,train
2001[Co][dia]3[ASR]4,724,train
2001[Co][nan]3[ASR]1,725,train
2001[Ni][sni]3[ASR]1,726,train
2002[Cr][bpq]3[ASR]1,374,train
2002[Er][nan]3[ASR]1,74,train
2002[Zn][pcu]3[ASR]4,649,train
2003[Al][nan]3[ASR]2,727,val
2003[Cd][pcu]3[ASR]1,218,train
2003[Ce][nia]3[ASR]1,728,train
2003[Co][kag]3[ASR]1,24,train
2003[Co][kag]3[ASR]2,24,train
2003[Co][nan]3[ASR]2,729,train
2003[Co][neb]3[ASR]1,283,train
2003[Co][neb]3[ASR]2,283,train
2003[Co][pts]3[ASR]1,371,train
2003[Co][usf]3[ASR]1,47,train
2003[CuEr][stp]3[ASR]1,730,test
2003[CuEu][stp]3[ASR]1,731,train
2003[CuEu][stp]3[ASR]2,732,test
2003[CuLa][stp]3[ASR]1,733,val
2003[CuLa][stp]3[ASR]2,734,train
2003[CuNd][stp]3[ASR]1,735,test
2003[Cu][pcu]3[ASR]1,403,train
2003[Cu][rob]3[ASR]1,400,train
2003[Cu][rob]3[ASR]2,400,train
2003[Cu][rob]3[ASR]3,400,train
2003[Cu][rob]3[ASR]4,406,train
2003[Cu][rob]3[ASR]5,406,train
2003[Cu][rob]3[ASR]6,406,train
2003[Cu][usf]3[ASR]1,71,train
2003[Mn][dia]3[ASR]1,503,train
2003[Mn][dia]3[ASR]2,503,train
2003[Ni][nan]3[ASR]1,108,train
2003[Ni][noz]3[ASR]1,736,train
2003[V][sea]3[ASR]1,737,train
2004[Al][bpq]3[ASR]1,165,val
2004[Al][bpq]3[ASR]2,165,val
2004[Cd][bnn]3[ASR]1,222,train
2004[Cd][rob]3[ASR]1,738,train
2004[Co][pcu]3[ASR]1,322,train
2004[Co][pcu]3[ASR]2,322,train
2004[Co][rtl]3[ASR]1,361,train
2004[Co][rtl]3[ASR]2,361,train
2004[Cu][asf]3[ASR]1,739,train
2004[Cu][asf]3[ASR]2,740,train
2004[Cu][dia]3[ASR]2,741,train
2004[Cu][dia]3[ASR]3,742,train
2004[Cu][pcu]3[ASR]1,424,train
2004[Eu][nan]3[ASR]1,452,test
2004[Mn][bnn]3[ASR]1,743,train
2004[Mn][bnn]3[ASR]2,744,train
2004[Mn][dia]3[ASR]1,503,train
2004[Mn][dia]3[ASR]2,503,train
2004[Mn][dia]3[ASR]3,503,train
2004[Mn][dia]3[ASR]4,503,train
2004[Mn][dia]3[ASR]6,503,train
2004[Ni][nan]3[ASR]1,108,train
2004[Ni][pcu]3[ASR]1,745,train
2004[Tb][mog]3[ASR]1,123,train
2004[Yb][mog]3[ASR]1,128,train
2004[Zn][nan]3[ASR]1,746,train
2004[Zn][nan]3[ASR]3,747,train
2005[Co][dia]3[ASR]1,368,train
2005[Co][dia]3[ASR]2,368,train
2005[Co][dia]3[ASR]3,368,train
2005[Co][dia]3[ASR]4,368,train
2005[Co][dia]3[ASR]5,368,train
2005[Co][dia]3[ASR]6,368,train
2005[Co][nan]3[ASR]1,748,train
2005[CuSm][stp]3[ASR]1,749,test
2005[Fe][bpq]3[ASR]1,460,val
2005[Fe][dia]3[ASR]2,462,train
2005[Ni][nan]3[ASR]1,750,val
2005[Pr][nan]3[ASR]2,751,train
2005[Tb][nan]3[ASR]1,538,train
2005[Zn][dia]3[ASR]1,669,test
2005[Zn][nan]3[ASR]6,752,test
2005[Zn][pcu]3[ASR]1,618,train
2005[Zn][pyr]3[ASR]1,653,train
2006[Cd][dia]3[ASR]2,263,train
2006[Cd][pyr]3[ASR]1,268,train
2006[Co][dia]3[ASR]1,368,train
2006[Co][nan]3[ASR]1,753,train
2006[Co][nan]3[ASR]2,754,train
2006[Co][nan]3[ASR]3,755,train
2006[Co][nan]3[ASR]4,756,train
2006[Co][nan]3[ASR]5,757,train
2006[Co][nan]3[ASR]6,758,train
2006[Co][sod]3[ASR]1,282,train
2006[CuW][nan]3[ASR]1,759,train
2006[Cu][pcu]3[ASR]1,402,train
2006[Dy][nan]3[ASR]2,442,test
2006[Er][nan]3[ASR]3,445,train
2006[Eu][nan]3[ASR]1,446,train
2006[FeRh][pem]3[ASR]1,760,val
2006[In][bpq]3[ASR]1,477,train
2006[Mg][dia]3[ASR]1,483,train
2006[Mg][dia]3[ASR]2,483,train
2006[Mg][dia]3[ASR]3,483,train
2006[Mg][dia]3[ASR]4,483,train
2006[Mg][dia]3[ASR]5,483,train
2006[Mg][dia]3[ASR]6,483,train
2006[Mg][dia]3[ASR]7,483,train
2006[Mg][dia]3[ASR]8,483,train
2006[Mn][dia]3[ASR]1,503,train
2006[Mn][dia]3[ASR]2,503,train
2006[Mn][dia]3[ASR]3,503,train
2006[Mn][fsc]3[ASR]1,761,train
2006[Mn][fsc]3[ASR]2,762,train
2006[Mn][fsc]3[ASR]3,763,test
2006[Mn][nan]3[ASR]1,764,train
2006[Nd][nan]3[ASR]2,765,train
2006[Ni][ins]3[ASR]1,766,train
2006[Ni][nan]3[ASR]2,767,train
2006[Ni][nan]3[ASR]3,768,train
2006[Ni][nan]3[ASR]4,769,val
2006[Ni][nan]3[ASR]6,770,train
2006[V][bpq]3[ASR]1,544,train
2006[V][bpq]3[ASR]2,544,train
2006[V][bpq]3[ASR]3,544,train
2006[V][bpq]3[ASR]4,544,train
2006[V][bpq]3[ASR]5,544,train
2006[Y][nan]3[ASR]2,549,train
2006[ZnSi][cds]3[ASR]1,771,train
2006[Zn][crb]3[ASR]1,563,train
2006[Zn][dia]3[ASR]10,669,test
2006[Zn][dia]3[ASR]3,669,test
2006[Zn][dia]3[ASR]4,669,test
2006[Zn][dia]3[ASR]5,669,test
2006[Zn][dia]3[ASR]6,669,test
2006[Zn][dia]3[ASR]7,669,test
2006[Zn][dia]3[ASR]8,669,test
2006[Zn][dia]3[ASR]9,669,test
2006[Zn][nan]3[ASR]1,772,train
2006[Zn][nan]3[ASR]2,773,train
2006[Zn][nan]3[ASR]4,774,train
2006[Zn][nan]3[ASR]5,775,train
2006[Zn][nan]3[ASR]6,776,train
2006[Zn][sod]3[ASR]1,578,train
2006[Zn][tfw]3[ASR]1,777,train
2007[Cd][nan]3[ASR]2,778,val
2007[Co][nan]3[ASR]1,779,test
2007[Co][noz]3[ASR]1,780,train
2007[CuGd][stp]3[ASR]1,781,train
2007[CuNd][stp]3[ASR]1,782,train
2007[CuSm][stp]3[ASR]1,783,train
2007[Dy][bnn]3[ASR]1,784,train
2007[Fe][dia]3[ASR]1,462,train
2007[Fe][dia]3[ASR]10,462,train
2007[Fe][dia]3[ASR]11,462,train
2007[Fe][dia]3[ASR]12,462,train
2007[Fe][dia]3[ASR]13,462,train
2007[Fe][dia]3[ASR]14,462,train
2007[Fe][dia]3[ASR]15,462,train
2007[Fe][dia]3[ASR]16,462,train
2007[Fe][dia]3[ASR]17,462,train
2007[Fe][dia]3[ASR]18,462,train
2007[Fe][dia]3[ASR]19,462,train
2007[Fe][dia]3[ASR]2,462,train
2007[Fe][dia]3[ASR]20,462,train
2007[Fe][dia]3[ASR]21,462,train
2007[Fe][dia]3[ASR]22,462,train
2007[Fe][dia]3[ASR]23,462,train
2007[Fe][dia]3[ASR]24,462,train
2007[Fe][dia]3[ASR]3,462,train
2007[Fe][dia]3[ASR]4,462,train
2007[Fe][dia]3[ASR]5,462,train
2007[Fe][dia]3[ASR]6,462,train
2007[Fe][dia]3[ASR]7,462,train
2007[Fe][dia]3[ASR]8,462,train
2007[Fe][dia]3[ASR]9,462,train
2007[Gd][bnn]3[ASR]1,785,train
2007[La][nan]3[ASR]3,786,train
2007[Mg][dia]3[ASR]1,483,train
2007[Mn][dia]3[ASR]1,503,train
2007[Mn][dia]3[ASR]2,503,train
2007[Mn][dia]3[ASR]3,503,train
2007[Mn][dia]3[ASR]4,503,train
2007[Mn][dia]3[ASR]5,503,train
2007[Mn][nan]3[ASR]1,787,train
2007[Nd][bcu]3[ASR]1,788,val
2007[Ni][pcu]3[ASR]1,512,train
2007[Ni][pcu]3[ASR]2,512,train
2007[Pr][bnn]3[ASR]2,789,train
2007[Sm][bnn]3[ASR]1,790,train
2007[V][bpq]3[ASR]1,544,train
2007[Zn][crb]3[ASR]1,563,train
2007[Zn][dia]3[ASR]1,133,train
2007[Zn][dia]3[ASR]4,611,train
2007[Zn][lta]3[ASR]1,131,train
2007[Zn][lta]3[ASR]2,558,train
2007[Zn][nan]3[ASR]11,791,train
2007[Zn][nan]3[ASR]13,792,train
2007[Zn][pts]3[ASR]1,676,train
2007[Zn][sod]3[ASR]1,578,train
2008[Al][bpq]3[ASR]4,165,val
2008[Cd][dia]3[ASR]1,793,train
2008[Cd][nan]3[ASR]1,794,train
2008[Cd][rho]3[ASR]1,795,train
2008[Cd][rho]3[ASR]2,796,train
2008[Co][dia]3[ASR]1,368,train
2008[Co][dia]3[ASR]2,368,train
2008[Co][dia]3[ASR]3,368,train
2008[Co][dia]3[ASR]4,368,train
2008[Co][dia]3[ASR]5,368,train
2008[Co][mog]3[ASR]1,366,train
2008[Co][pcu]3[ASR]1,321,train
2008[Co][rob]3[ASR]1,797,train
2008[Co][sod]3[ASR]1,798,val
2008[Co][sod]3[ASR]2,293,train
2008[Co][sql]2[ASR]1,39,test
2008[Co][sql]2[ASR]2,39,test
2008[CuLa][stp]3[ASR]1,799,val
2008[CuLa][stp]3[ASR]2,800,train
2008[CuLa][stp]3[ASR]3,801,train
2008[CuLa][stp]3[ASR]4,802,train
2008[CuLa][stp]3[ASR]5,803,train
2008[CuLa][stp]3[ASR]6,804,train
2008[CuW][acs]3[ASR]1,375,train
2008[Cu][mab]3[ASR]1,408,train
2008[Cu][rob]3[ASR]1,399,train
2008[Cu][rob]3[ASR]2,399,train
2008[Cu][rob]3[ASR]3,395,train
2008[Cu][rob]3[ASR]4,399,train
2008[Cu][rob]3[ASR]5,395,train
2008[Eu][nan]3[ASR]3,805,train
2008[Fe][bpq]3[ASR]1,460,val
2008[Fe][nan]3[ASR]1,806,train
2008[Gd][pcu]3[ASR]1,468,train
2008[Mg][dia]3[ASR]1,483,train
2008[Mg][dia]3[ASR]2,483,train
2008[Mn][dia]3[ASR]1,503,train
2008[Mn][dia]3[ASR]3,503,train
2008[Mn][dia]3[ASR]4,503,train
2008[Ni][ins]3[ASR]1,807,train
2008[Ni][nan]3[ASR]1,808,train
2008[Ni][tfz]3[ASR]1,113,train
2008[SiZn][bnn]3[ASR]1,809,test
2008[Y][nan]3[ASR]1,547,train
2008[Zn][cdq]3[ASR]1,620,train
2008[Zn][nan]3[ASR]1,810,train
2008[Zn][nan]3[ASR]10,811,train
2008[Zn][nan]3[ASR]11,812,train
2008[Zn][nan]3[ASR]13,813,train
2008[Zn][nan]3[ASR]23,814,train
2008[Zn][nan]3[ASR]5,815,val
2008[Zn][pcu]3[ASR]4,141,test
2008[Zn][tfw]3[ASR]1,816,val
2008[Zn][ths]3[ASR]1,817,train
2008[Zn][zni]3[ASR]1,564,test
2009[Al][nan]3[ASR]1,818,train
2009[Cd][bcu]3[ASR]1,274,train
2009[Cd][cds]3[ASR]1,819,train
2009[Cd][dia]3[ASR]1,820,test
2009[Cd][met]3[ASR]1,168,train
2009[Cd][nan]3[ASR]4,821,test
2009[Cd][nan]3[ASR]5,822,train
2009[Cd][nan]3[ASR]6,823,train
2009[Cd][pcu]3[ASR]1,824,train
2009[Cd][tfz]3[ASR]1,242,train
2009[Co][lvt]3[ASR]1,28,train
2009[Co][pcu]3[ASR]2,369,train
2009[CuTb][stp]3[ASR]1,825,train
2009[CuW][nan]3[ASR]1,826,train
2009[Cu][lcv]3[ASR]1,441,train
2009[Cu][pcu]3[ASR]2,405,train
2009[Cu][rho]3[ASR]1,61,train
2009[DyCu][stp]3[ASR]1,827,train
2009[Eu][pcu]3[ASR]1,828,test
2009[Eu][pcu]3[ASR]2,449,val
2009[Ga][bpq]3[ASR]1,466,val
2009[Ga][bpq]3[ASR]2,466,val
2009[La][nan]3[ASR]1,829,train
2009[La][pcu]3[ASR]1,91,train
2009[Mn][mog]3[ASR]1,830,val
2009[Mn][nan]3[ASR]2,831,train
2009[Mn][nan]3[ASR]8,832,train
2009[Ni][pcu]3[ASR]2,833,train
2009[Ni][tfi]3[ASR]2,834,val
2009[ZnSi][pcu]3[ASR]1,120,train
2009[Zn][ana]3[ASR]1,583,train
2009[Zn][dia]3[ASR]2,148,train
2009[Zn][nan]3[ASR]1,613,train
2009[Zn][nan]3[ASR]10,835,train
2009[Zn][nan]3[ASR]15,836,val
2009[Zn][nan]3[ASR]4,613,train
2009[Zn][pcu]3[ASR]5,639,train
2009[Zn][pcu]3[ASR]6,615,train
2009[Zn][pcu]3[ASR]7,626,train
2009[Zn][pcu]3[ASR]8,625,train
2009[Zn][sod]3[ASR]1,578,train
2009[Zn][sod]3[ASR]2,578,train
2009[Zn][sod]3[ASR]3,578,train
2009[Zn][sod]3[ASR]4,578,train
2009[Zn][sod]3[ASR]5,578,train
2009[Zn][sod]3[ASR]6,578,train
2009[Zn][sod]3[ASR]7,578,train
2009[Zn][sod]3[ASR]8,578,train
2009[Zn][zni]3[ASR]1,564,test
2009[Zn][zni]3[ASR]2,564,test
2009[Zn][zni]3[ASR]3,564,test
2010[Al][bpq]3[ASR]1,165,val
2010[Al][bpq]3[ASR]2,165,val
2010[Cd][cds]3[ASR]1,837,train
2010[Cd][dia]3[ASR]1,192,train
2010[Cd][dia]3[ASR]2,249,val
2010[Cd][dia]3[ASR]3,249,val
2010[Cd][dia]3[ASR]5,1,train
2010[Cd][fsc]3[ASR]1,838,val
2010[Cd][nan]3[ASR]10,839,train
2010[Cd][nan]3[ASR]13,840,test
2010[Cd][nan]3[ASR]4,841,train
2010[Cd][nbo]3[ASR]1,229,train
2010[Cd][umc]3[ASR]1,7,train
2010[CoLa][pcu]3[ASR]1,276,train
2010[CoYb][pth]3[ASR]1,20,train
2010[Co][nan]3[ASR]10,842,train
2010[Co][nan]3[ASR]2,843,train
2010[Co][nan]3[ASR]7,844,val
2010[Co][nbo]3[ASR]1,50,train
2010[Co][pcu]3[ASR]1,344,train
2010[Co][pcu]3[ASR]2,344,train
2010[Co][pts]3[ASR]1,329,test
2010[Co][pts]3[ASR]2,845,train
2010[Co][tfz]3[ASR]1,846,val
2010[Cu][fsc]3[ASR]1,847,train
2010[Cu][nan]3[ASR]17,848,train
2010[Cu][pcu]3[ASR]1,424,train
2010[Cu][rtl]3[ASR]1,415,train
2010[Cu][ths]3[ASR]1,440,test
2010[Dy][nan]3[ASR]1,442,test
2010[Er][mog]3[ASR]1,75,train
2010[Er][mog]3[ASR]2,76,val
2010[Er][nan]3[ASR]1,444,train
2010[Er][nan]3[ASR]2,444,train
2010[Eu][flu]3[ASR]1,849,train
2010[Eu][llj]3[ASR]1,450,test
2010[Eu][mog]3[ASR]1,850,train
2010[Fe][bpq]3[ASR]3,460,val
2010[Fe][nbo]3[ASR]1,458,val
2010[Fe][nbo]3[ASR]2,84,train
2010[Fe][nbo]3[ASR]3,85,train
2010[Ga][nan]3[ASR]1,851,test
2010[Gd][flu]3[ASR]1,852,val
2010[Gd][llj]3[ASR]1,469,train
2010[Mn][nan]3[ASR]4,853,train
2010[Mn][nan]3[ASR]5,854,train
2010[Mn][nan]3[ASR]6,855,train
2010[Mn][nan]3[ASR]7,856,train
2010[Mn][nan]3[ASR]8,857,train
2010[Mn][nan]3[ASR]9,858,train
2010[Mn][pcu]3[ASR]1,95,val
2010[Mn][pts]3[ASR]1,100,train
2010[Nd][flu]3[ASR]1,859,train
2010[Nd][nan]3[ASR]2,505,train
2010[Ni][nan]3[ASR]1,860,train
2010[Sm][flu]3[ASR]1,861,test
2010[Tb][llj]3[ASR]1,541,train
2010[Tb][nan]3[ASR]1,538,train
2010[Y][htp]3[ASR]1,862,test
2010[Yb][nan]3[ASR]1,546,train
2010[Yb][nan]3[ASR]2,546,train
2010[Zn][cds]3[ASR]1,146,train
2010[Zn][etb]3[ASR]1,863,train
2010[Zn][nan]3[ASR]1,864,train
2010[Zn][nan]3[ASR]15,865,train
2010[Zn][qtz]3[ASR]1,661,val
2010[Zn][srs]3[ASR]1,866,train
2010[Zn][tfz]3[ASR]1,867,val
2010[Zn][tfz]3[ASR]2,868,train
2010[Zr][sqc]3[ASR]1,869,train
2011[Cd][bcu]3[ASR]2,870,train
2011[Cd][dia]3[ASR]2,248,train
2011[Cd][dia]3[ASR]3,248,train
2011[Cd][dia]3[ASR]4,238,train
2011[Cd][dia]3[ASR]5,234,train
2011[Cd][nan]3[ASR]4,871,train
2011[Cd][nan]3[ASR]5,872,train
2011[Cd][nan]3[ASR]7,873,test
2011[Cd][pcu]3[ASR]1,874,train
2011[Cd][pcu]3[ASR]3,264,train
2011[Cd][pts]3[ASR]1,231,train
2011[CeCu][stp]3[ASR]1,875,train
2011[Ce][nan]3[ASR]2,876,train
2011[Co][cds]3[ASR]1,877,train
2011[Co][crb]3[ASR]1,285,train
2011[Co][dia]3[ASR]1,346,train
2011[Co][dia]3[ASR]2,333,test
2011[Co][dia]3[ASR]3,31,train
2011[Co][dia]3[ASR]5,310,train
2011[Co][fsc]3[ASR]1,878,test
2011[Co][hex]3[ASR]1,879,train
2011[Co][hex]3[ASR]2,880,train
2011[Co][mok]3[ASR]1,353,train
2011[Co][nan]3[ASR]10,881,train
2011[Co][nan]3[ASR]11,882,train
2011[Co][nan]3[ASR]14,883,train
2011[Co][nan]3[ASR]4,884,train
2011[Co][nan]3[ASR]5,885,train
2011[Co][nan]3[ASR]6,886,val
2011[Co][nan]3[ASR]7,887,train
2011[Co][nan]3[ASR]9,888,test
2011[Co][rtl]3[ASR]1,336,train
2011[Co][rtl]3[ASR]2,361,train
2011[Cr][bpq]3[ASR]2,374,train
2011[CuEr][stp]3[ASR]1,889,train
2011[CuGd][stp]3[ASR]1,890,train
2011[CuLa][stp]3[ASR]1,891,train
2011[CuLa][stp]3[ASR]2,892,train
2011[CuNd][stp]3[ASR]1,893,val
2011[CuSm][stp]3[ASR]1,894,val
2011[CuW][dia]3[ASR]1,376,val
2011[Cu][apo]3[ASR]1,65,test
2011[Cu][nan]3[ASR]6,895,train
2011[Cu][nbo]3[ASR]1,437,test
2011[Cu][nbo]3[ASR]2,437,test
2011[Cu][nbo]3[ASR]3,437,test
2011[Cu][rtl]3[ASR]1,420,train
2011[Fe][dia]3[ASR]1,464,train
2011[Gd][nan]3[ASR]2,467,train
2011[Gd][nan]3[ASR]3,467,train
2011[Gd][nan]3[ASR]4,467,train
2011[Gd][nan]3[ASR]5,467,train
2011[HoCu][stp]3[ASR]1,896,train
2011[HoCu][stp]3[ASR]2,897,train
2011[Mn][ant]3[ASR]1,492,train
2011[Mn][apo]3[ASR]1,490,test
2011[Mn][nan]3[ASR]2,898,train
2011[Mn][nan]3[ASR]3,899,train
2011[Mn][rtl]3[ASR]1,491,test
2011[Nd][nan]3[ASR]2,900,train
2011[Ni][dia]3[ASR]1,527,train
2011[Ni][fsy]3[ASR]1,517,train
2011[Ni][hex]3[ASR]1,901,train
2011[Ni][nan]3[ASR]2,902,train
2011[Pr][nan]3[ASR]2,903,train
2011[Sc][bpq]3[ASR]1,537,train
2011[Sc][nan]3[ASR]3,904,train
2011[Sc][nan]3[ASR]4,905,train
2011[Sc][nan]3[ASR]5,906,train
2011[Sc][nan]3[ASR]6,907,train
2011[Sc][nan]3[ASR]7,908,test
2011[Sc][nan]3[ASR]8,909,train
2011[V][bpq]3[ASR]1,910,test
2011[V][bpq]3[ASR]2,544,train
2011[V][bpq]3[ASR]3,544,train
2011[V][bpq]3[ASR]4,544,train
2011[V][bpq]3[ASR]5,544,train
2011[V][bpq]3[ASR]6,544,train
2011[V][bpq]3[ASR]7,544,train
2011[V][bpq]3[ASR]8,544,train
2011[Zn][dia]3[ASR]1,609,train
2011[Zn][dia]3[ASR]10,650,train
2011[Zn][dia]3[ASR]12,590,train
2011[Zn][dia]3[ASR]13,591,train
2011[Zn][dia]3[ASR]2,570,train
2011[Zn][dia]3[ASR]4,586,train
2011[Zn][dia]3[ASR]7,650,train
2011[Zn][dia]3[ASR]8,650,train
2011[Zn][dia]3[ASR]9,650,train
2011[Zn][dmp]3[ASR]2,635,train
2011[Zn][dmp]3[ASR]3,911,train
2011[Zn][flu]3[ASR]1,912,train
2011[Zn][nan]3[ASR]14,913,train
2011[Zn][nan]3[ASR]22,914,train
2011[Zn][nan]3[ASR]26,915,val
2011[Zn][nan]3[ASR]30,916,train
2011[Zn][nan]3[ASR]33,917,train
2011[Zn][pcu]3[ASR]19,646,train
2011[Zn][pcu]3[ASR]2,652,train
2011[Zn][pcu]3[ASR]22,918,train
2011[Zn][rob]3[ASR]1,619,train
2011[Zn][rob]3[ASR]2,619,train
2011[Zn][sod]3[ASR]1,578,train
2011[Zn][sod]3[ASR]2,578,train
2011[Zn][sod]3[ASR]3,578,train
2011[Zn][sod]3[ASR]4,578,train
2011[Zn][uni]3[ASR]1,919,test
2011[Zn][uni]3[ASR]2,920,train
2011[Zn][uni]3[ASR]3,921,train
2011[Zn][uni]3[ASR]4,922,train
2011[Zn][uni]3[ASR]5,923,train
2011[Zn][uni]3[ASR]6,924,train
2012[Al][nan]3[ASR]1,925,train
2012[Cd][dia]3[ASR]1,926,val
2012[Cd][dia]3[ASR]2,927,train
2012[Cd][dia]3[ASR]3,928,train
2012[Cd][dia]3[ASR]4,929,train
2012[Cd][etb]3[ASR]1,930,train
2012[Cd][nan]3[ASR]3,931,train
2012[Cd][nan]3[ASR]6,932,train
2012[Cd][nan]3[ASR]7,933,train
2012[Cd][pcu]3[ASR]3,934,train
2012[Cd][pcu]3[ASR]4,935,train
2012[Cd][uni]3[ASR]1,205,val
2012[Co][dia]3[ASR]2,359,train
2012[Co][dia]3[ASR]5,373,train
2012[Co][dia]3[ASR]7,936,train
2012[Co][ecu]3[ASR]1,360,train
2012[Co][ecu]3[ASR]2,360,train
2012[Co][ecu]3[ASR]3,360,train
2012[Co][ecu]3[ASR]4,360,train
2012[Co][ecu]3[ASR]5,360,train
2012[Co][ecu]3[ASR]6,360,train
2012[Co][ecu]3[ASR]7,360,train
2012[Co][ecu]3[ASR]8,360,train
2012[Co][fsc]3[ASR]1,937,train
2012[Co][hms]3[ASR]1,938,val
2012[Co][ins]3[ASR]1,939,train
2012[Co][nan]3[ASR]1,940,train
2012[Co][nan]3[ASR]11,941,train
2012[Co][nan]3[ASR]4,942,train
2012[Co][nan]3[ASR]5,943,train
2012[Co][pcb]3[ASR]1,48,train
2012[Co][pcu]3[ASR]2,25,train
2012[Co][pcu]3[ASR]3,944,train
2012[Co][pcu]3[ASR]4,43,train
2012[Co][pcu]3[ASR]5,280,train
2012[Co][pcu]3[ASR]6,322,train
2012[Co][pcu]3[ASR]7,33,train
2012[Co][pcu]3[ASR]8,318,train
2012[Co][pcu]3[ASR]9,344,train
2012[Co][rho]3[ASR]1,29,train
2012[Co][rtl]3[ASR]1,370,train
2012[Co][rtl]3[ASR]2,361,train
2012[Co][sqp]3[ASR]1,945,train
2012[Co][sqp]3[ASR]2,946,train
2012[CuLa][stp]3[ASR]1,947,train
2012[CuNb][pcu]3[ASR]1,51,train
2012[CuV][pcu]3[ASR]1,57,train
2012[CuW][dia]3[ASR]1,376,val
2012[Cu][apo]3[ASR]1,427,train
2012[Cu][apo]3[ASR]2,413,train
2012[Cu][met]3[ASR]1,378,train
2012[Cu][pcu]3[ASR]5,59,train
2012[Cu][pts]3[ASR]1,70,train
2012[Cu][rob]3[ASR]1,406,train
2012[Cu][rob]3[ASR]2,381,train
2012[Cu][rtl]3[ASR]1,419,train
2012[Cu][rtl]3[ASR]2,417,train
2012[Cu][unc]3[ASR]1,948,val
2012[Cu][unc]3[ASR]10,949,val
2012[Cu][unc]3[ASR]11,950,train
2012[Cu][unc]3[ASR]2,951,test
2012[Cu][unc]3[ASR]3,952,train
2012[Cu][unc]3[ASR]4,953,train
2012[Cu][unc]3[ASR]5,954,train
2012[Cu][unc]3[ASR]6,955,val
2012[Cu][unc]3[ASR]7,956,train
2012[Cu][unc]3[ASR]8,957,train
2012[Cu][unc]3[ASR]9,958,train
2012[Eu][nan]3[ASR]1,959,train
2012[Eu][pcu]3[ASR]1,960,train
2012[Fe][bpq]3[ASR]1,460,val
2012[In][bpq]3[ASR]1,474,train
2012[In][sqc]3[ASR]2,961,test
2012[La][nan]3[ASR]1,962,train
2012[Lu][nan]3[ASR]2,481,train
2012[Mn][dia]3[ASR]1,963,train
2012[Mn][llj]3[ASR]1,964,train
2012[Mn][nan]3[ASR]3,965,train
2012[Mn][pcu]3[ASR]1,96,train
2012[Mn][pcu]3[ASR]2,96,train
2012[Mn][pcu]3[ASR]3,96,train
2012[Ni][bcu]3[ASR]1,514,train
2012[Ni][dia]3[ASR]1,527,train
2012[Ni][dia]3[ASR]2,525,test
2012[Ni][ins]3[ASR]1,966,train
2012[Ni][nan]3[ASR]1,967,train
2012[Ni][nan]3[ASR]4,968,train
2012[Ni][rtl]3[ASR]1,115,train
2012[Ni][rtl]3[ASR]2,115,train
2012[PrCu][stp]3[ASR]1,969,train
2012[Sm][nan]3[ASR]3,970,train
2012[Tb][nan]3[ASR]2,971,train
2012[Tb][pcu]3[ASR]1,972,train
2012[Tm][mog]3[ASR]1,973,test
2012[Zn][ant]3[ASR]2,154,train
2012[Zn][dia]3[ASR]3,571,train
2012[Zn][dmp]3[ASR]1,139,train
2012[Zn][dmp]3[ASR]2,139,train
2012[Zn][dmp]3[ASR]3,974,train
2012[Zn][etb]3[ASR]1,975,train
2012[Zn][etb]3[ASR]2,976,train
2012[Zn][hex]3[ASR]1,977,val
2012[Zn][jph]3[ASR]1,145,train
2012[Zn][nan]3[ASR]10,978,test
2012[Zn][nan]3[ASR]2,979,test
2012[Zn][nan]3[ASR]28,662,train
2012[Zn][nbo]3[ASR]3,980,train
2012[Zn][nia]3[ASR]1,981,train
2012[Zn][nod]3[ASR]1,132,train
2012[Zn][npo]3[ASR]1,982,train
2012[Zn][rob]3[ASR]1,619,train
2012[Zn][sod]3[ASR]1,983,train
2012[Zn][sod]3[ASR]10,578,train
2012[Zn][sod]3[ASR]12,578,train
2012[Zn][sod]3[ASR]13,578,train
2012[Zn][sod]3[ASR]2,578,train
2012[Zn][sod]3[ASR]3,578,train
2012[Zn][sod]3[ASR]4,578,train
2012[Zn][sod]3[ASR]6,578,train
2012[Zn][sod]3[ASR]7,578,train
2012[Zn][sod]3[ASR]8,578,train
2012[Zn][sod]3[ASR]9,578,train
2013[CdSi][bcu]3[ASR]1,0,train
2013[CdSi][pcu]3[ASR]1,0,train
2013[CdSi][pcu]3[ASR]2,0,train
2013[Cd][bnn]3[ASR]1,201,train
2013[Cd][crs]3[ASR]1,188,train
2013[Cd][dia]3[ASR]1,181,val
2013[Cd][dia]3[ASR]2,984,train
2013[Cd][dia]3[ASR]4,985,train
2013[Cd][jus]3[ASR]1,986,val
2013[Cd][nan]3[ASR]18,987,train
2013[Cd][nan]3[ASR]19,988,train
2013[Cd][pcu]3[ASR]1,189,test
2013[Cd][pcu]3[ASR]4,217,train
2013[Cd][rtl]3[ASR]1,266,test
2013[Cd][rtl]3[ASR]3,989,train
2013[Ce][nan]3[ASR]2,990,train
2013[Ce][nan]3[ASR]3,275,test
2013[Ce][nan]3[ASR]4,991,train
2013[Ce][nan]3[ASR]5,992,train
2013[Ce][nan]3[ASR]6,993,train
2013[Ce][nan]3[ASR]7,994,train
2013[CoEu][nan]3[ASR]1,995,test
2013[CoGd][nan]3[ASR]1,996,train
2013[CoTb][nan]3[ASR]1,997,train
2013[Co][cdl]3[ASR]1,998,test
2013[Co][dia]3[ASR]1,359,train
2013[Co][dia]3[ASR]2,343,train
2013[Co][dia]3[ASR]3,343,train
2013[Co][dia]3[ASR]4,343,train
2013[Co][dia]3[ASR]5,343,train
2013[Co][dia]3[ASR]6,999,train
2013[Co][dia]3[ASR]7,343,train
2013[Co][fet]3[ASR]1,312,train
2013[Co][ins]3[ASR]1,1000,train
2013[Co][ins]3[ASR]2,1001,train
2013[Co][lvt]3[ASR]1,26,train
2013[Co][mab]3[ASR]1,303,train
2013[Co][nan]3[ASR]12,1002,train
2013[Co][nan]3[ASR]14,1003,train
2013[Co][nan]3[ASR]15,1004,train
2013[Co][nan]3[ASR]16,1005,train
2013[Co][nan]3[ASR]17,1006,train
2013[Co][nan]3[ASR]2,1007,val
2013[Co][nan]3[ASR]20,1008,val
2013[Co][nan]3[ASR]6,1009,val
2013[Co][pcu]3[ASR]2,43,train
2013[Co][pcu]3[ASR]4,287,test
2013[Co][sqc]3[ASR]1,1010,train
2013[Co][sqc]3[ASR]2,1011,train
2013[Co][sra]3[ASR]1,1012,train
2013[Co][tfz]3[ASR]1,1013,test
2013[Cu][cds]3[ASR]1,63,test
2013[Cu][gra]3[ASR]1,1014,train
2013[Cu][nbo]3[ASR]1,1015,train
2013[Cu][pcu]3[ASR]1,1016,train
2013[Cu][pcu]3[ASR]3,380,train
2013[Cu][pcu]3[ASR]4,380,train
2013[Cu][pcu]3[ASR]5,380,train
2013[Cu][pcu]3[ASR]6,380,train
2013[Cu][pcu]3[ASR]7,380,train
2013[Cu][pcu]3[ASR]8,398,train
2013[Cu][ths]3[ASR]1,1017,train
2013[Dy][nan]3[ASR]1,442,test
2013[Dy][nan]3[ASR]4,1018,val
2013[Er][mog]3[ASR]1,1019,train
2013[Er][mog]3[ASR]2,1020,train
2013[Eu][nan]3[ASR]10,1021,train
2013[Ga][bpq]3[ASR]1,466,val
2013[Gd][nan]3[ASR]3,1022,test
2013[Ho][nan]3[ASR]1,1023,train
2013[La][nan]3[ASR]1,1024,train
2013[La][nan]3[ASR]5,479,train
2013[Mg][rtl]3[ASR]1,1025,test
2013[Mn][ant]3[ASR]1,495,train
2013[Mn][ant]3[ASR]2,495,train
2013[Mn][ant]3[ASR]3,495,train
2013[Mn][ant]3[ASR]4,495,train
2013[Mn][ant]3[ASR]5,495,train
2013[Mn][ant]3[ASR]6,495,train
2013[Mn][nan]3[ASR]4,1026,train
2013[Mn][nan]3[ASR]5,1027,train
2013[Mn][pcu]3[ASR]1,504,train
2013[Mn][pcu]3[ASR]2,504,train
2013[Mn][pcu]3[ASR]3,504,train
2013[Mn][sql]3[ASR]1,93,test
2013[Mn][sur]3[ASR]1,1028,val
2013[Nd][nan]3[ASR]5,1029,train
2013[Ni][cds]3[ASR]1,1030,train
2013[Ni][dia]3[ASR]1,1031,train
2013[Ni][dia]3[ASR]3,530,train
2013[Ni][hms]3[ASR]1,509,train
2013[Ni][ins]3[ASR]1,109,val
2013[Ni][nan]3[ASR]10,1032,train
2013[Ni][nan]3[ASR]12,1033,train
2013[Ni][nan]3[ASR]7,1034,test
2013[Ni][nan]3[ASR]8,1035,train
2013[Ni][nan]3[ASR]9,1036,train
2013[Ni][noz]3[ASR]1,1037,val
2013[Ni][sit]3[ASR]1,1038,train
2013[Ni][sit]3[ASR]2,1039,test
2013[Ni][sit]3[ASR]3,1040,train
2013[Ni][sit]3[ASR]4,1041,val
2013[Ni][sit]3[ASR]5,1042,val
2013[Ni][xmz]3[ASR]6,521,train
2013[Ni][xmz]3[ASR]7,521,train
2013[Tb][nan]3[ASR]5,1043,train
2013[Tb][tcs]3[ASR]1,1044,train
2013[Zn][bbf]3[ASR]2,1045,train
2013[Zn][crb]3[ASR]1,1046,val
2013[Zn][crb]3[ASR]2,1047,train
2013[Zn][crb]3[ASR]3,1048,val
2013[Zn][crb]3[ASR]4,1049,train
2013[Zn][crb]3[ASR]5,1050,train
2013[Zn][crb]3[ASR]6,1051,val
2013[Zn][dia]3[ASR]1,581,train
2013[Zn][dia]3[ASR]12,574,val
2013[Zn][dia]3[ASR]15,612,train
2013[Zn][dia]3[ASR]2,658,val
2013[Zn][dia]3[ASR]4,631,train
2013[Zn][dia]3[ASR]5,605,train
2013[Zn][dia]3[ASR]7,606,train
2013[Zn][dia]3[ASR]8,606,train
2013[Zn][dmp]3[ASR]1,138,train
2013[Zn][fsc]3[ASR]2,1052,train
2013[Zn][gis]3[ASR]1,1053,train
2013[Zn][lon]3[ASR]1,1054,train
2013[Zn][lon]3[ASR]3,1055,val
2013[Zn][lon]3[ASR]4,1056,val
2013[Zn][nan]3[ASR]14,1057,train
2013[Zn][nan]3[ASR]15,1058,test
2013[Zn][nan]3[ASR]16,1059,train
2013[Zn][nan]3[ASR]26,627,train
2013[Zn][nan]3[ASR]29,1060,train
2013[Zn][nan]3[ASR]33,1061,train
2013[Zn][nan]3[ASR]34,1062,train
2013[Zn][pcu]3[ASR]8,617,test
2013[Zn][sit]3[ASR]1,1063,train
2013[Zn][sod]3[ASR]1,1064,train
2013[Zn][sod]3[ASR]2,140,train
2013[Zn][unc]3[ASR]1,589,train
2013[Zn][uni]3[ASR]3,1065,train
2013[Zn][uni]3[ASR]4,1066,train
2013[Zn][uni]3[ASR]7,1067,train
2013[Zn][uni]3[ASR]8,1068,train
2014[Al][bpq]3[ASR]5,165,val
2014[Al][nan]3[ASR]5,1069,train
2014[Al][nan]3[ASR]7,1070,train
2014[Cd][bbf]3[ASR]1,1071,train
2014[Cd][bcu]3[ASR]1,1072,train
2014[Cd][crs]3[ASR]1,208,train
2014[Cd][dia]3[ASR]4,246,train
2014[Cd][dia]3[ASR]5,246,train
2014[Cd][esg]3[ASR]1,251,val
2014[Cd][esg]3[ASR]2,251,val
2014[Cd][esg]3[ASR]3,251,val
2014[Cd][nan]3[ASR]11,1073,train
2014[Cd][nan]3[ASR]13,232,train
2014[Cd][nan]3[ASR]14,1074,train
2014[Cd][nan]3[ASR]2,1075,train
2014[Cd][nan]3[ASR]4,1076,test
2014[Cd][pcu]3[ASR]1,1077,train
2014[Cd][pts]3[ASR]1,167,test
2014[Cd][pts]3[ASR]2,193,train
2014[Cd][rtl]3[ASR]2,202,train
2014[Cd][rtl]3[ASR]3,266,test
2014[Cd][svg]3[ASR]1,1078,train
2014[Cd][svg]3[ASR]2,1079,train
2014[Ce][fit]3[ASR]1,1080,train
2014[Ce][fit]3[ASR]2,1081,test
2014[Co][acs]3[ASR]1,367,train
2014[Co][bpq]3[ASR]1,351,train
2014[Co][dia]3[ASR]1,342,train
2014[Co][dia]3[ASR]2,357,train
2014[Co][dia]3[ASR]3,357,train
2014[Co][dia]3[ASR]4,343,train
2014[Co][dia]3[ASR]6,278,train
2014[Co][dmc]3[ASR]1,1082,train
2014[Co][dmc]3[ASR]2,1083,train
2014[Co][etb]3[ASR]1,1084,train
2014[Co][fsc]3[ASR]1,294,val
2014[Co][fsc]3[ASR]2,1085,train
2014[Co][fsc]3[ASR]3,1086,train
2014[Co][hex]3[ASR]1,297,train
2014[Co][hms]3[ASR]1,302,train
2014[Co][hms]3[ASR]2,301,test
2014[Co][ins]3[ASR]1,1087,val
2014[Co][mmm]3[ASR]1,1088,train
2014[Co][nan]3[ASR]1,1089,val
2014[Co][nan]3[ASR]10,1090,train
2014[Co][nan]3[ASR]12,1091,val
2014[Co][nan]3[ASR]13,1092,train
2014[Co][nan]3[ASR]14,1093,test
2014[Co][nan]3[ASR]29,1094,val
2014[Co][nan]3[ASR]30,1095,train
2014[Co][nan]3[ASR]31,1096,train
2014[Co][nan]3[ASR]32,1097,train
2014[Co][nan]3[ASR]37,1098,train
2014[Co][nan]3[ASR]38,1099,val
2014[Co][nan]3[ASR]9,1100,test
2014[Co][npo]3[ASR]1,30,train
2014[Co][pcu]3[ASR]1,305,train
2014[Co][pcu]3[ASR]2,23,train
2014[Co][pcu]3[ASR]4,308,val
2014[Co][pcu]3[ASR]5,352,train
2014[Co][rtl]3[ASR]1,345,train
2014[CuLu][nan]3[ASR]1,1101,train
2014[CuSi][pcu]3[ASR]1,55,train
2014[CuTm][nan]3[ASR]1,1102,val
2014[Cu][hms]3[ASR]1,397,train
2014[Cu][nbo]3[ASR]3,1103,train
2014[Cu][pcu]3[ASR]3,388,train
2014[Cu][pcu]3[ASR]5,428,val
2014[Cu][pcu]3[ASR]6,396,train
2014[Cu][srs]3[ASR]1,73,val
2014[DyZn][nan]3[ASR]1,1104,train
2014[Er][dmc]3[ASR]1,1105,train
2014[Eu][dmc]3[ASR]1,1106,train
2014[Eu][nan]3[ASR]1,1107,train
2014[Eu][nan]3[ASR]2,447,train
2014[Eu][nan]3[ASR]4,1108,train
2014[Fe][nan]3[ASR]5,1109,train
2014[La][nan]3[ASR]3,89,val
2014[Mg][ant]3[ASR]1,1110,train
2014[Mg][nan]3[ASR]1,1111,test
2014[Mg][nan]3[ASR]2,1112,train
2014[Mg][nan]3[ASR]3,1113,train
2014[Mg][nan]3[ASR]4,1114,train
2014[Mg][nan]3[ASR]5,1115,train
2014[Mg][nan]3[ASR]6,1116,train
2014[Mg][nan]3[ASR]7,1117,val
2014[Mg][rtl]3[ASR]1,1118,val
2014[Mn][dia]3[ASR]1,503,train
2014[Mn][pcu]3[ASR]3,504,train
2014[Mn][rtl]3[ASR]1,497,val
2014[Mn][tfz]3[ASR]1,1119,train
2014[Nd][fit]3[ASR]1,1120,train
2014[Nd][fit]3[ASR]2,1121,train
2014[Ni][gra]3[ASR]1,510,train
2014[Ni][gra]3[ASR]2,510,train
2014[Ni][nan]3[ASR]1,1122,train
2014[Ni][nan]3[ASR]6,1123,train
2014[Ni][pcu]3[ASR]1,1124,train
2014[Pr][dmc]3[ASR]1,1125,train
2014[Tb][dmc]3[ASR]1,1126,train
2014[Tb][nan]3[ASR]2,1127,train
2014[Y][nan]3[ASR]1,129,train
2014[Y][nan]3[ASR]2,129,train
2014[ZnCr][pcu]3[ASR]1,1128,train
2014[ZnEu][nan]3[ASR]1,1129,train
2014[ZnGd][nan]3[ASR]1,1130,train
2014[Zn][bnn]3[ASR]1,1131,train
2014[Zn][dia]3[ASR]13,650,train
2014[Zn][dia]3[ASR]14,585,train
2014[Zn][dia]3[ASR]15,585,train
2014[Zn][dia]3[ASR]6,565,train
2014[Zn][dia]3[ASR]7,1132,train
2014[Zn][dia]3[ASR]9,614,train
2014[Zn][dmc]3[ASR]1,1133,val
2014[Zn][dmc]3[ASR]2,1134,train
2014[Zn][etf]3[ASR]1,163,train
2014[Zn][hms]3[ASR]1,1135,test
2014[Zn][nan]3[ASR]23,1136,val
2014[Zn][nan]3[ASR]37,1137,test
2014[Zn][nan]3[ASR]8,1138,test
2014[Zn][pcu]3[ASR]18,624,train
2014[Zn][pcu]3[ASR]24,1139,train
2014[Zn][pcu]3[ASR]9,671,train
2014[Zn][sod]3[ASR]1,559,train
2014[Zn][sod]3[ASR]2,559,train
2014[Zn][sod]3[ASR]3,559,train
2014[Zn][unc]3[ASR]1,589,train
2014[Zn][unj]3[ASR]1,1140,train
2014[Zr][fcu]3[ASR]3,677,train
2015[Al][bpq]3[ASR]1,164,train
2015[Al][nan]3[ASR]1,1141,train
2015[Cd][bcu]3[ASR]1,245,train
2015[Cd][bcu]3[ASR]2,245,train
2015[Cd][bcu]3[ASR]3,245,train
2015[Cd][bcu]3[ASR]4,1142,train
2015[Cd][crb]3[ASR]1,11,train
2015[Cd][dia]3[ASR]2,207,val
2015[Cd][dia]3[ASR]3,207,val
2015[Cd][dia]3[ASR]4,207,val
2015[Cd][dia]3[ASR]5,210,val
2015[Cd][dia]3[ASR]7,1143,train
2015[Cd][nan]3[ASR]21,1144,train
2015[Cd][nan]3[ASR]22,1145,train
2015[Cd][nan]3[ASR]24,252,train
2015[Cd][nan]3[ASR]26,1146,test
2015[Cd][nan]3[ASR]29,1147,test
2015[Cd][nan]3[ASR]6,1148,train
2015[Cd][nan]3[ASR]8,1149,train
2015[Cd][pcu]3[ASR]1,1150,train
2015[Cd][pcu]3[ASR]3,212,test
2015[Cd][pcu]3[ASR]4,247,val
2015[Cd][pcu]3[ASR]7,1151,train
2015[Cd][pts]3[ASR]2,1152,train
2015[Cd][tcs]3[ASR]1,1153,train
2015[Cd][ths]3[ASR]1,243,train
2015[Ce][crs]3[ASR]1,1154,train
2015[Co][crb]3[ASR]1,35,train
2015[Co][crb]3[ASR]2,34,test
2015[Co][dia]3[ASR]2,1155,train
2015[Co][dia]3[ASR]3,1156,train
2015[Co][dia]3[ASR]4,368,train
2015[Co][fsc]3[ASR]1,325,train
2015[Co][fsg]3[ASR]1,1157,train
2015[Co][nan]3[ASR]12,1158,val
2015[Co][nan]3[ASR]15,1159,train
2015[Co][nan]3[ASR]18,1160,train
2015[Co][nan]3[ASR]3,1161,test
2015[Co][nan]3[ASR]7,1162,train
2015[Co][nbo]3[ASR]1,1163,train
2015[Co][pcu]3[ASR]2,306,train
2015[Co][pcu]3[ASR]3,316,val
2015[Co][pts]3[ASR]2,314,test
2015[Co][rtl]3[ASR]1,334,train
2015[Co][sit]3[ASR]1,1164,train
2015[Co][sod]3[ASR]1,282,train
2015[Co][sod]3[ASR]2,282,train
2015[Co][sql]2[ASR]1,307,train
2015[Co][sxb]3[ASR]1,38,train
2015[CrMn][nod]3[ASR]1,1165,train
2015[CrMn][nod]3[ASR]2,1166,train
2015[Cu][crb]3[ASR]2,68,train
2015[Cu][crb]3[ASR]3,67,train
2015[Cu][rob]3[ASR]1,395,train
2015[Cu][rtl]3[ASR]1,430,train
2015[Cu][rtl]3[ASR]2,429,train
2015[Cu][rtl]3[ASR]3,431,train
2015[Cu][rtl]3[ASR]4,438,train
2015[Cu][rtl]3[ASR]5,435,train
2015[Cu][sql]2[ASR]1,394,train
2015[Dy][nan]3[ASR]3,1167,train
2015[Eu][nan]3[ASR]5,1168,train
2015[Eu][nan]3[ASR]6,1169,train
2015[Fe][pts]3[ASR]1,83,train
2015[Fe][pts]3[ASR]2,456,val
2015[Fe][pts]3[ASR]3,454,train
2015[La][nan]3[ASR]3,478,train
2015[La][nan]3[ASR]8,478,train
2015[La][nan]3[ASR]9,478,train
2015[Mg][dia]3[ASR]2,483,train
2015[Mg][dia]3[ASR]3,483,train
2015[Mg][nan]3[ASR]10,1170,train
2015[Mg][nan]3[ASR]4,1171,train
2015[Mg][nan]3[ASR]5,1172,val
2015[Mg][nan]3[ASR]6,1173,val
2015[Mg][nan]3[ASR]7,1174,train
2015[Mg][nan]3[ASR]8,1175,train
2015[Mg][nan]3[ASR]9,1176,train
2015[Mn][bnn]3[ASR]1,1177,train
2015[Mn][dia]3[ASR]1,94,train
2015[Mn][nan]3[ASR]13,1178,train
2015[Mn][sql]2[ASR]1,488,train
2015[Mn][tcs]3[ASR]1,1179,train
2015[Mn][ths]3[ASR]1,493,train
2015[Nd][nan]3[ASR]2,1180,train
2015[Nd][pcu]3[ASR]1,506,train
2015[Ni][bpq]3[ASR]1,526,train
2015[Ni][dia]3[ASR]1,111,train
2015[Ni][dia]3[ASR]2,110,train
2015[Ni][dia]3[ASR]4,520,train
2015[Ni][frl]3[ASR]1,1181,val
2015[Ni][nan]2[ASR]1,1182,val
2015[Ni][sit]3[ASR]1,1183,train
2015[Ni][sni]3[ASR]1,1184,train
2015[Sc][nan]3[ASR]4,1185,train
2015[Tb][nan]3[ASR]10,1186,val
2015[Tb][nan]3[ASR]13,1187,train
2015[Tb][nan]3[ASR]2,124,train
2015[Th][nan]3[ASR]2,1188,train
2015[Th][nan]3[ASR]3,1189,train
2015[Th][nan]3[ASR]4,1190,train
2015[V][bpq]3[ASR]2,544,train
2015[V][bpq]3[ASR]3,544,train
2015[Zn][ant]3[ASR]1,143,train
2015[Zn][bnn]3[ASR]1,1191,train
2015[Zn][crb]3[ASR]1,150,train
2015[Zn][crb]3[ASR]2,152,train
2015[Zn][crb]3[ASR]3,151,train
2015[Zn][dia]3[ASR]1,1192,train
2015[Zn][dia]3[ASR]2,616,train
2015[Zn][dia]3[ASR]3,1193,train
2015[Zn][dia]3[ASR]4,1194,test
2015[Zn][dia]3[ASR]5,158,train
2015[Zn][dia]3[ASR]8,616,train
2015[Zn][dmc]3[ASR]1,1195,train
2015[Zn][eta]3[ASR]1,1196,train
2015[Zn][eta]3[ASR]2,1197,train
2015[Zn][gis]3[ASR]1,1198,train
2015[Zn][nan]3[ASR]20,1199,val
2015[Zn][nan]3[ASR]28,1200,train
2015[Zn][nan]3[ASR]40,1201,val
2015[Zn][nan]3[ASR]43,1202,train
2015[Zn][nan]3[ASR]5,1203,train
2015[Zn][pcu]3[ASR]10,1204,train
2015[Zn][pcu]3[ASR]17,130,train
2015[Zn][pcu]3[ASR]4,557,train
2015[Zn][pts]3[ASR]1,1205,train
2015[Zn][pts]3[ASR]2,655,train
2015[Zn][qtz]3[ASR]1,135,train
2015[Zn][qtz]3[ASR]2,661,val
2015[Zn][sod]3[ASR]1,578,train
2015[Zn][sod]3[ASR]2,578,train
2015[Zn][sqc]3[ASR]1,1206,train
2015[Zn][tcs]3[ASR]1,1207,train
2015[Zn][tcs]3[ASR]2,1208,train
2015[Zr][fcu]3[ASR]1,677,train
2016[Ag][lvt]3[ASR]1,1209,train
2016[Ag][nan]3[ASR]1,1210,val
2016[Ag][nan]3[ASR]2,1211,test
2016[Cd][bcu]3[ASR]1,206,train
2016[Cd][cds]3[ASR]1,1212,test
2016[Cd][dia]3[ASR]1,180,train
2016[Cd][dia]3[ASR]3,183,train
2016[Cd][dia]3[ASR]4,262,train
2016[Cd][dia]3[ASR]5,250,train
2016[Cd][dia]3[ASR]6,265,train
2016[Cd][etb]3[ASR]1,1213,train
2016[Cd][ftb]3[ASR]1,178,train
2016[Cd][kgd]2[ASR]1,1214,test
2016[Cd][nan]2[ASR]2,1215,train
2016[Cd][nan]2[ASR]3,1216,train
2016[Cd][nan]2[ASR]4,1217,train
2016[Cd][nan]3[ASR]10,1218,train
2016[Cd][nan]3[ASR]11,1219,test
2016[Cd][nan]3[ASR]12,1220,val
2016[Cd][nan]3[ASR]14,1221,train
2016[Cd][nan]3[ASR]16,1222,train
2016[Cd][nan]3[ASR]21,1223,train
2016[Cd][nan]3[ASR]24,1224,train
2016[Cd][nan]3[ASR]26,1225,train
2016[Cd][nan]3[ASR]27,1226,train
2016[Cd][nan]3[ASR]3,1227,train
2016[Cd][nan]3[ASR]32,1228,train
2016[Cd][nan]3[ASR]8,1229,train
2016[Cd][nan]3[ASR]9,1230,train
2016[Cd][pcu]3[ASR]1,1231,train
2016[Cd][pcu]3[ASR]2,17,train
2016[Cd][rho]3[ASR]1,1232,train
2016[Cd][rtl]3[ASR]2,255,train
2016[Co][cds]3[ASR]1,1233,val
2016[Co][dia]3[ASR]1,1234,val
2016[Co][nan]2[ASR]1,1235,train
2016[Co][nan]3[ASR]10,1236,val
2016[Co][nan]3[ASR]14,1237,train
2016[Co][nan]3[ASR]18,1238,val
2016[Co][nan]3[ASR]22,1239,train
2016[Co][nan]3[ASR]23,1240,val
2016[Co][nan]3[ASR]29,1241,train
2016[Co][nan]3[ASR]33,1242,train
2016[Co][nan]3[ASR]34,1243,train
2016[Co][nan]3[ASR]4,1244,train
2016[Co][nan]3[ASR]5,1245,test
2016[Co][nan]3[ASR]6,1246,train
2016[Co][nan]3[ASR]7,1247,val
2016[Co][nan]3[ASR]8,1248,train
2016[Co][pcu]3[ASR]3,279,test
2016[Co][pcu]3[ASR]4,299,train
2016[Co][pcu]3[ASR]5,299,train
2016[Co][pts]3[ASR]2,288,train
2016[Co][pts]3[ASR]5,289,train
2016[Co][rtl]3[ASR]1,350,train
2016[Co][sql]2[ASR]3,286,test
2016[Co][sql]2[ASR]32,327,train
2016[Co][sql]2[ASR]4,311,test
2016[CuV][pcu]3[ASR]1,1249,train
2016[Cu][apo]3[ASR]1,413,train
2016[Cu][apo]3[ASR]2,418,train
2016[Cu][apo]3[ASR]3,385,train
2016[Cu][dia]2[ASR]1,425,train
2016[Cu][pcu]3[ASR]1,404,train
2016[Cu][pyr]3[ASR]1,422,train
2016[Cu][rob]3[ASR]1,407,val
2016[Cu][rtl]3[ASR]1,414,train
2016[Cu][rtl]3[ASR]2,386,train
2016[Cu][sql]2[ASR]1,392,val
2016[Cu][ths]3[ASR]1,439,train
2016[Dy][dia]3[ASR]1,1250,train
2016[Dy][pcu]3[ASR]1,1251,test
2016[Dy][pcu]3[ASR]2,1252,val
2016[Dy][pcu]3[ASR]3,1253,train
2016[Dy][pcu]3[ASR]4,1254,train
2016[Er][ant]3[ASR]1,1255,train
2016[Eu][ant]3[ASR]1,1256,train
2016[Eu][dia]3[ASR]1,1257,val
2016[Eu][sqc]3[ASR]1,80,train
2016[Ga][nan]3[ASR]1,1258,train
2016[Ga][nan]3[ASR]3,1259,train
2016[Gd][dia]3[ASR]1,1260,train
2016[Ho][nan]3[ASR]1,470,train
2016[In][bpq]3[ASR]1,471,train
2016[In][bpq]3[ASR]2,87,train
2016[La][nan]3[ASR]4,480,train
2016[Mg][bpq]3[ASR]1,482,train
2016[Mg][nan]3[ASR]1,1261,train
2016[Mg][nan]3[ASR]2,1262,train
2016[Mg][nan]3[ASR]3,1263,train
2016[Mg][nan]3[ASR]4,1264,val
2016[Mn][acs]3[ASR]1,502,train
2016[Mn][flu]3[ASR]1,1265,train
2016[Mn][rtl]3[ASR]1,494,val
2016[Mn][rtl]3[ASR]2,496,train
2016[Mn][rtl]3[ASR]3,497,val
2016[NiNb][pcu]3[ASR]1,1266,train
2016[Ni][dia]3[ASR]1,112,train
2016[Ni][dia]3[ASR]2,112,train
2016[Ni][dia]3[ASR]3,1267,train
2016[Ni][dia]3[ASR]4,112,train
2016[Ni][dia]3[ASR]5,112,train
2016[Ni][dia]3[ASR]6,112,train
2016[Ni][frl]3[ASR]1,1268,train
2016[Ni][nbo]3[ASR]1,515,train
2016[Ni][nbo]3[ASR]2,116,train
2016[Pr][nan]3[ASR]1,535,test
2016[Sc][nan]3[ASR]3,1269,train
2016[Sc][nan]3[ASR]6,1270,train
2016[Sc][nan]3[ASR]7,1271,train
2016[Sc][nan]3[ASR]8,1272,train
2016[Tb][ant]3[ASR]2,1273,train
2016[Tb][dia]3[ASR]1,1274,train
2016[Tm][nan]3[ASR]1,542,train
2016[V][bpq]3[ASR]1,544,train
2016[V][bpq]3[ASR]2,544,train
2016[V][bpq]3[ASR]3,544,train
2016[V][bpq]3[ASR]4,544,train
2016[Zn][ant]3[ASR]3,1275,train
2016[Zn][ant]3[ASR]5,1276,train
2016[Zn][bbf]3[ASR]1,1277,train
2016[Zn][bbf]3[ASR]2,1278,val
2016[Zn][cds]3[ASR]1,161,val
2016[Zn][dia]3[ASR]4,569,train
2016[Zn][dia]3[ASR]5,669,test
2016[Zn][dia]3[ASR]6,640,train
2016[Zn][dia]3[ASR]7,582,train
2016[Zn][dmp]3[ASR]1,638,train
2016[Zn][fsc]3[ASR]1,1279,val
2016[Zn][kgd]2[ASR]1,153,train
2016[Zn][nan]2[ASR]1,1280,train
2016[Zn][nan]2[ASR]3,1281,val
2016[Zn][nan]2[ASR]4,1282,train
2016[Zn][nan]3[ASR]10,1283,train
2016[Zn][nan]3[ASR]18,1284,train
2016[Zn][nan]3[ASR]23,1285,train
2016[Zn][nan]3[ASR]3,1286,train
2016[Zn][nan]3[ASR]30,1287,val
2016[Zn][nan]3[ASR]34,1288,train
2016[Zn][nan]3[ASR]37,1289,val
2016[Zn][pcu]3[ASR]10,647,train
2016[Zn][pcu]3[ASR]14,1290,train
2016[Zn][pcu]3[ASR]15,1291,test
2016[Zn][qzd]3[ASR]1,1292,train
2016[Zn][sql]2[ASR]1,594,train
2016[Zn][sql]2[ASR]3,603,train
2016[Zn][ths]3[ASR]9,162,train
2017[Cd][ant]3[ASR]1,1293,train
2017[Cd][ant]3[ASR]2,1294,train
2017[Cd][ant]3[ASR]4,216,train
2017[Cd][bey]2[ASR]2,2,train
2017[Cd][bnn]3[ASR]1,173,train
2017[Cd][kgd]2[ASR]6,1295,train
2017[Cd][nan]3[ASR]11,1296,test
2017[Cd][nan]3[ASR]8,1297,train
2017[Cd][nan]3[ASR]9,1298,train
2017[Cd][pcu]3[ASR]5,211,train
2017[Cd][sql]2[ASR]1,8,train
2017[Cd][sql]2[ASR]10,14,train
2017[Cd][sql]2[ASR]13,203,train
2017[Cd][sql]2[ASR]14,203,train
2017[Cd][sql]2[ASR]15,185,train
2017[Cd][sql]2[ASR]2,8,train
2017[Cd][sql]2[ASR]5,194,train
2017[Cd][sql]2[ASR]6,259,train
2017[Cd][sql]2[ASR]8,10,train
2017[Cd][sql]2[ASR]9,169,train
2017[Co][afw]3[ASR]1,1299,train
2017[Co][afw]3[ASR]2,1300,train
2017[Co][afw]3[ASR]3,1301,val
2017[Co][bnn]3[ASR]1,1302,train
2017[Co][bnn]3[ASR]2,1303,train
2017[Co][bnn]3[ASR]3,1304,train
2017[Co][dia]3[ASR]2,1305,train
2017[Co][dia]3[ASR]3,1306,train
2017[Co][nan]2[ASR]1,1307,val
2017[Co][nan]2[ASR]4,1308,train
2017[Co][nan]2[ASR]5,1309,train
2017[Co][nan]3[ASR]10,1310,val
2017[Co][nan]3[ASR]12,1311,train
2017[Co][nan]3[ASR]24,1312,train
2017[Co][pcu]2[ASR]12,37,val
2017[Co][pcu]2[ASR]13,37,val
2017[Co][pcu]2[ASR]2,36,train
2017[Co][pcu]2[ASR]3,36,train
2017[Co][pcu]2[ASR]4,37,val
2017[Co][pcu]2[ASR]5,37,val
2017[Co][pcu]2[ASR]6,37,val
2017[Co][pcu]2[ASR]7,37,val
2017[Co][pcu]2[ASR]8,37,val
2017[Co][pcu]2[ASR]9,37,val
2017[Co][pcu]3[ASR]1,296,test
2017[Co][pcu]3[ASR]2,295,train
2017[Co][pcu]3[ASR]4,315,train
2017[Co][pcu]3[ASR]5,319,train
2017[Co][qtz]3[ASR]1,1313,train
2017[Co][sql]2[ASR]10,1314,test
2017[Co][sql]2[ASR]11,1315,val
2017[Co][sql]2[ASR]12,1316,val
2017[Co][sql]2[ASR]13,1317,train
2017[Co][sql]2[ASR]14,1318,train
2017[Co][sql]2[ASR]15,1319,train
2017[Co][sql]2[ASR]3,1320,val
2017[Co][sql]2[ASR]7,298,train
2017[Co][sql]2[ASR]9,1321,train
2017[CuSi][pcu]3[ASR]2,54,train
2017[CuTi][pcu]3[ASR]1,56,train
2017[Cu][eea]3[ASR]2,411,val
2017[Cu][pcu]3[ASR]1,72,train
2017[Cu][rob]3[ASR]1,406,train
2017[Cu][rob]3[ASR]10,406,train
2017[Cu][rob]3[ASR]2,406,train
2017[Cu][rob]3[ASR]3,406,train
2017[Cu][rob]3[ASR]4,381,train
2017[Cu][rob]3[ASR]5,406,train
2017[Cu][rob]3[ASR]6,406,train
2017[Cu][rob]3[ASR]7,406,train
2017[Cu][rob]3[ASR]8,381,train
2017[Cu][rob]3[ASR]9,381,train
2017[Cu][rtl]3[ASR]1,387,train
2017[Cu][rtl]3[ASR]2,412,train
2017[Cu][rtl]3[ASR]3,423,train
2017[Cu][sql]2[ASR]8,393,train
2017[Dy][kgd]2[ASR]1,1322,train
2017[Er][kgd]2[ASR]1,1323,train
2017[Er][mog]3[ASR]1,1324,test
2017[Eu][kgd]2[ASR]2,1325,train
2017[Eu][mog]3[ASR]1,1326,train
2017[FeSi][pcu]3[ASR]1,82,train
2017[Fe][kag]3[ASR]1,1327,test
2017[Fe][kag]3[ASR]2,1328,train
2017[Fe][pts]3[ASR]1,455,train
2017[Gd][kgd]2[ASR]1,1329,train
2017[Gd][nan]3[ASR]2,467,train
2017[In][nan]2[ASR]1,1330,train
2017[La][nan]3[ASR]4,1331,train
2017[Mn][kgm]2[ASR]1,1332,train
2017[Mn][nan]3[ASR]2,1333,train
2017[Mn][nan]3[ASR]6,1334,train
2017[Mn][pcu]3[ASR]1,504,train
2017[Mn][rtl]3[ASR]1,497,val
2017[Mn][rtl]3[ASR]2,497,val
2017[Mn][sod]3[ASR]1,92,train
2017[Mn][sql]2[ASR]4,485,val
2017[Nd][mog]3[ASR]1,1335,train
2017[Nd][nan]3[ASR]3,1336,train
2017[NiNb][pcu]3[ASR]1,101,train
2017[NiNb][pcu]3[ASR]2,101,train
2017[Ni][dia]3[ASR]1,528,test
2017[Ni][dia]3[ASR]2,524,val
2017[Ni][dia]3[ASR]3,530,train
2017[Ni][fsc]3[ASR]1,531,train
2017[Ni][hms]3[ASR]1,513,train
2017[Ni][sql]2[ASR]1,107,train
2017[Ni][sql]2[ASR]2,106,test
2017[Ni][tfz]3[ASR]1,1337,train
2017[Pr][mog]3[ASR]1,1338,train
2017[Rh][sql]2[ASR]1,118,train
2017[SiNi][pcu]3[ASR]1,103,train
2017[Sm][kgd]2[ASR]1,1339,train
2017[Sm][nan]3[ASR]2,1340,train
2017[Tb][kgd]2[ASR]1,1341,train
2017[Tb][nan]3[ASR]3,1342,val
2017[Th][nan]3[ASR]1,1343,train
2017[Y][nan]3[ASR]1,548,train
2017[ZnMn][nan]3[ASR]1,1344,train
2017[ZnMn][nan]3[ASR]2,1345,train
2017[ZnSi][pcu]3[ASR]1,1346,val
2017[ZnSi][sql]2[ASR]1,1347,train
2017[ZnSi][sql]2[ASR]2,1348,train
2017[Zn][afw]3[ASR]1,157,train
2017[Zn][apo]3[ASR]1,657,train
2017[Zn][dia]3[ASR]10,611,train
2017[Zn][dia]3[ASR]12,611,train
2017[Zn][dia]3[ASR]14,636,train
2017[Zn][dia]3[ASR]4,585,train
2017[Zn][dia]3[ASR]5,585,train
2017[Zn][dia]3[ASR]6,636,train
2017[Zn][dia]3[ASR]7,636,train
2017[Zn][hcb]2[ASR]4,666,train
2017[Zn][lon]3[ASR]1,1349,train
2017[Zn][nan]2[ASR]9,1350,train
2017[Zn][nan]3[ASR]10,1351,train
2017[Zn][nan]3[ASR]25,1352,train
2017[Zn][nan]3[ASR]7,147,train
2017[Zn][pcu]3[ASR]16,1353,test
2017[Zn][pcu]3[ASR]17,598,train
2017[Zn][pcu]3[ASR]19,556,train
2017[Zn][rob]3[ASR]1,656,train
2017[Zn][sql]2[ASR]11,576,train
2017[Zn][sql]2[ASR]12,599,train
2017[Zn][sql]2[ASR]13,599,train
2017[Zn][sql]2[ASR]14,600,val
2017[Zn][sql]2[ASR]16,579,train
2017[Zn][sql]2[ASR]18,597,train
2017[Zn][sql]2[ASR]2,604,val
2017[Zn][sql]2[ASR]4,1354,train
2017[Zn][sql]2[ASR]5,566,val
2017[Zn][ths]3[ASR]5,155,train
2017[Zn][ths]3[ASR]6,155,train
2018[Al][nan]3[ASR]1,1355,train
2018[Al][nan]3[ASR]4,1356,test
2018[Cd][cds]3[ASR]1,215,train
2018[Cd][cds]3[ASR]2,18,train
2018[Cd][dia]3[ASR]2,170,val
2018[Cd][dia]3[ASR]4,248,train
2018[Cd][dia]3[ASR]5,248,train
2018[Cd][gis]3[ASR]1,1357,train
2018[Cd][hxl]2[ASR]1,260,train
2018[Cd][mab]3[ASR]1,1358,val
2018[Cd][mab]3[ASR]2,1359,train
2018[Cd][nan]2[ASR]1,1360,train
2018[Cd][nan]2[ASR]3,1361,train
2018[Cd][nan]3[ASR]2,1362,val
2018[Cd][nan]3[ASR]7,1363,test
2018[Cd][pcu]3[ASR]3,1364,train
2018[Cd][sql]2[ASR]2,196,train
2018[Cd][sql]2[ASR]3,182,test
2018[Cd][sql]2[ASR]6,209,train
2018[Cd][sql]2[ASR]8,1365,val
2018[Cd][tfz]3[ASR]1,1366,test
2018[Cd][tfz]3[ASR]2,1367,val
2018[Cd][unj]3[ASR]1,1368,train
2018[Co][flu]3[ASR]1,1369,train
2018[Co][fsc]3[ASR]1,1370,train
2018[Co][pcu]3[ASR]1,41,test
2018[Co][scu]3[ASR]1,362,val
2018[Co][sql]2[ASR]2,365,train
2018[Co][tfz]3[ASR]1,1371,test
2018[Cu][gis]3[ASR]1,1372,train
2018[Cu][pcu]3[ASR]1,1373,train
2018[Cu][sra]3[ASR]1,1374,train
2018[Eu][flu]3[ASR]3,1375,train
2018[Eu][flu]3[ASR]4,1376,train
2018[Eu][nan]3[ASR]6,447,train
2018[Fe][sql]2[ASR]2,459,train
2018[Mn][nan]3[ASR]2,1377,val
2018[Mn][nan]3[ASR]5,1378,train
2018[Mn][sql]2[ASR]1,500,val
2018[Mn][sra]3[ASR]1,501,train
2018[Ni][pcu]3[ASR]1,105,test
2018[Ni][sql]2[ASR]2,114,train
2018[Ni][sql]2[ASR]4,1379,train
2018[Ni][sql]2[ASR]5,104,train
2018[Tb][nan]3[ASR]4,1380,val
2018[Zn][acs]3[ASR]1,667,test
2018[Zn][apo]3[ASR]1,657,train
2018[Zn][cds]3[ASR]1,668,train
2018[Zn][dia]3[ASR]4,587,val
2018[Zn][flu]3[ASR]1,1381,train
2018[Zn][hcb]2[ASR]2,1382,train
2018[Zn][nan]3[ASR]13,1383,test
2018[Zn][nan]3[ASR]18,1384,train
2018[Zn][nan]3[ASR]2,160,train
2018[Zn][nan]3[ASR]9,1385,val
2018[Zn][pcu]3[ASR]4,607,train
2018[Zn][pts]3[ASR]1,1386,train
2018[Zn][sod]3[ASR]1,578,train
2018[Zn][sod]3[ASR]10,578,train
2018[Zn][sod]3[ASR]11,578,train
2018[Zn][sod]3[ASR]12,578,train
2018[Zn][sod]3[ASR]13,578,train
2018[Zn][sod]3[ASR]14,578,train
2018[Zn][sod]3[ASR]15,578,train
2018[Zn][sod]3[ASR]16,578,train
2018[Zn][sod]3[ASR]17,578,train
2018[Zn][sod]3[ASR]18,578,train
2018[Zn][sod]3[ASR]19,578,train
2018[Zn][sod]3[ASR]2,578,train
2018[Zn][sod]3[ASR]20,578,train
2018[Zn][sod]3[ASR]21,578,train
2018[Zn][sod]3[ASR]22,578,train
2018[Zn][sod]3[ASR]3,578,train
2018[Zn][sod]3[ASR]4,578,train
2018[Zn][sod]3[ASR]5,578,train
2018[Zn][sod]3[ASR]6,578,train
2018[Zn][sod]3[ASR]7,578,train
2018[Zn][sod]3[ASR]8,578,train
2018[Zn][sod]3[ASR]9,578,train
2018[Zn][sql]2[ASR]13,573,train
2018[Zn][sql]2[ASR]14,572,train
2018[Zn][sql]2[ASR]15,595,train
2018[Zn][sql]2[ASR]16,665,val
2018[Zn][sql]2[ASR]17,1387,train
2018[Zn][sql]2[ASR]18,672,test
2018[Zn][sql]2[ASR]21,575,train
2018[Zn][sql]2[ASR]24,144,train
2018[Zn][sql]2[ASR]3,1388,train
2019[Al][bpq]3[ASR]3,165,val
2019[Al][bpq]3[ASR]4,165,val
2019[Cd][afw]3[ASR]1,200,train
2019[Cd][bnn]3[ASR]1,233,train
2019[Cd][cds]3[ASR]1,1389,train
2019[Cd][hcb]2[ASR]2,176,train
2019[Cd][hcb]2[ASR]6,1390,test
2019[Cd][hcb]2[ASR]7,240,train
2019[Cd][hcb]2[ASR]8,204,train
2019[Cd][nan]2[ASR]1,224,train
2019[Cd][nan]2[ASR]2,12,train
2019[Cd][nan]3[ASR]1,244,train
2019[Cd][nan]3[ASR]14,1391,train
2019[Cd][pcu]3[ASR]1,1392,train
2019[Cd][pcu]3[ASR]3,1393,test
2019[Cd][pcu]3[ASR]4,177,test
2019[Cd][pcu]3[ASR]5,226,train
2019[Cd][pcu]3[ASR]6,227,val
2019[Cd][pcu]3[ASR]7,1394,test
2019[Cd][sql]2[ASR]1,191,train
2019[Cd][sql]2[ASR]10,187,train
2019[Cd][sql]2[ASR]11,1395,train
2019[Cd][sql]2[ASR]12,198,train
2019[Cd][sql]2[ASR]13,221,train
2019[Cd][sql]2[ASR]2,253,train
2019[Cd][sql]2[ASR]3,1396,train
2019[Cd][sql]2[ASR]5,1397,train
2019[Cd][sql]2[ASR]7,254,train
2019[Cd][sql]2[ASR]9,273,train
2019[Cd][tfz]3[ASR]1,1398,train
2019[Cd][ths]3[ASR]1,214,train
2019[CoMn][nan]3[ASR]1,1399,test
2019[CoMn][nan]3[ASR]2,1400,train
2019[Co][apo]3[ASR]1,337,train
2019[Co][crs]3[ASR]1,27,train
2019[Co][dia]3[ASR]1,342,train
2019[Co][dia]3[ASR]2,338,train
2019[Co][fsc]3[ASR]1,1401,train
2019[Co][lcv]3[ASR]1,1402,train
2019[Co][nan]2[ASR]2,340,train
2019[Co][nan]3[ASR]10,1403,train
2019[Co][nan]3[ASR]18,1404,val
2019[Co][nan]3[ASR]23,1405,train
2019[Co][nan]3[ASR]24,1406,train
2019[Co][nan]3[ASR]3,1407,train
2019[Co][nan]3[ASR]4,1408,test
2019[Co][nan]3[ASR]5,1409,test
2019[Co][nan]3[ASR]8,1410,test
2019[Co][pcu]3[ASR]1,1411,train
2019[Co][pcu]3[ASR]3,291,train
2019[Co][pcu]3[ASR]4,291,train
2019[Co][pcu]3[ASR]5,291,train
2019[Co][pcu]3[ASR]6,291,train
2019[Co][pcu]3[ASR]7,290,test
2019[Co][pcu]3[ASR]9,32,test
2019[Co][rtl]3[ASR]1,300,test
2019[Co][scu]3[ASR]1,362,val
2019[Co][sql]2[ASR]1,40,train
2019[Co][sql]2[ASR]2,21,train
2019[Co][sql]2[ASR]6,1412,train
2019[Co][zni]3[ASR]1,284,train
2019[Cu][kgd]2[ASR]1,433,train
2019[Cu][lvt]3[ASR]2,1413,test
2019[Cu][lvt]3[ASR]3,1414,val
2019[Cu][pcu]3[ASR]2,1415,train
2019[Cu][pcu]3[ASR]3,424,train
2019[Cu][rtl]3[ASR]2,391,val
2019[Cu][rtl]3[ASR]3,391,val
2019[Cu][sql]2[ASR]10,66,train
2019[Dy][pcu]3[ASR]1,1416,train
2019[Er][hcb]2[ASR]1,443,val
2019[Eu][nan]2[ASR]1,1417,train
2019[Fe][ant]3[ASR]2,1418,val
2019[Gd][nan]2[ASR]1,1419,train
2019[In][bpq]3[ASR]4,473,train
2019[In][bpq]3[ASR]5,473,train
2019[In][bpq]3[ASR]6,473,train
2019[In][cdt]3[ASR]1,1420,test
2019[La][nan]3[ASR]4,1421,test
2019[La][pcu]3[ASR]1,1422,train
2019[La][pcu]3[ASR]2,1423,train
2019[Lu][pcu]3[ASR]1,1424,train
2019[Lu][pcu]3[ASR]2,1425,train
2019[Mn][bpq]3[ASR]1,486,train
2019[Mn][fsc]3[ASR]1,1426,train
2019[Mn][sql]2[ASR]1,487,val
2019[Nd][nan]3[ASR]2,1427,test
2019[Nd][pcu]3[ASR]1,1428,train
2019[Nd][pcu]3[ASR]2,1429,train
2019[NiSi][pcu]3[ASR]1,102,test
2019[NiSi][pcu]3[ASR]2,102,test
2019[Ni][bey]2[ASR]1,1430,train
2019[Ni][dia]3[ASR]1,523,val
2019[Ni][dia]3[ASR]4,522,train
2019[Ni][gra]3[ASR]1,519,val
2019[Ni][kgm]2[ASR]1,534,test
2019[Ni][kgm]2[ASR]2,534,test
2019[Ni][nan]3[ASR]5,1431,train
2019[Ni][sql]2[ASR]1,507,val
2019[Ni][sra]3[ASR]1,508,train
2019[Pr][nan]3[ASR]3,1432,train
2019[Sm][nan]2[ASR]1,1433,train
2019[V][bpq]3[ASR]1,545,train
2019[V][bpq]3[ASR]2,543,test
2019[V][bpq]3[ASR]3,543,test
2019[V][bpq]3[ASR]4,545,train
2019[Yb][nan]2[ASR]1,127,train
2019[Yb][nan]2[ASR]2,127,train
2019[ZnMn][nan]3[ASR]1,1434,train
2019[ZnSi][pcu]3[ASR]1,120,train
2019[Zn][cag]3[ASR]1,562,train
2019[Zn][cag]3[ASR]2,562,train
2019[Zn][cds]3[ASR]1,1435,train
2019[Zn][dia]3[ASR]1,669,test
2019[Zn][dia]3[ASR]2,1436,train
2019[Zn][dia]3[ASR]6,650,train
2019[Zn][fsc]3[ASR]1,1437,train
2019[Zn][hcb]2[ASR]4,1438,train
2019[Zn][lon]3[ASR]2,1439,train
2019[Zn][lon]3[ASR]3,1440,train
2019[Zn][lon]3[ASR]4,1441,train
2019[Zn][lon]3[ASR]5,1442,val
2019[Zn][lon]3[ASR]6,1443,train
2019[Zn][lon]3[ASR]7,1444,train
2019[Zn][lon]3[ASR]8,1445,train
2019[Zn][lon]3[ASR]9,1446,train
2019[Zn][mog]3[ASR]1,1447,train
2019[Zn][mog]3[ASR]2,1448,train
2019[Zn][mog]3[ASR]3,134,train
2019[Zn][mog]3[ASR]4,134,train
2019[Zn][nan]2[ASR]5,1449,train
2019[Zn][nan]2[ASR]6,1450,train
2019[Zn][nan]2[ASR]9,1451,train
2019[Zn][nan]3[ASR]17,1452,val
2019[Zn][nan]3[ASR]18,1453,train
2019[Zn][nan]3[ASR]19,1454,train
2019[Zn][nan]3[ASR]20,1455,val
2019[Zn][nan]3[ASR]21,1456,test
2019[Zn][nan]3[ASR]22,1457,train
2019[Zn][nan]3[ASR]23,1458,train
2019[Zn][nan]3[ASR]24,1459,train
2019[Zn][nan]3[ASR]6,1460,train
2019[Zn][pcu]3[ASR]4,632,train
2019[Zn][pts]3[ASR]3,1461,train
2019[Zn][pts]3[ASR]4,664,train
2019[Zn][sql]2[ASR]10,621,test
2019[Zn][sql]2[ASR]12,628,test
2019[Zn][sql]2[ASR]14,592,train
2019[Zn][sql]2[ASR]15,628,test
2019[Zn][sql]2[ASR]16,592,train
2019[Zn][sql]2[ASR]17,592,train
2019[Zn][sql]2[ASR]18,592,train
2019[Zn][sql]2[ASR]19,567,train
2019[Zn][sql]2[ASR]20,628,test
2019[Zn][sql]2[ASR]22,551,train
2019[Zn][sql]2[ASR]23,159,train
2019[Zn][sql]2[ASR]4,552,train
2019[Zr][bey]2[ASR]1,1462,train
2019[Zr][nan]3[ASR]2,1463,train
2020[Al][nan]3[ASR]1,1464,train
2020[Al][nan]3[ASR]2,1465,train
2020[Al][nan]3[ASR]3,1466,train
2020[Al][stp]3[ASR]1,166,train
2020[Cd][cds]3[ASR]1,1467,train
2020[Cd][dia]3[ASR]3,195,train
2020[Cd][dia]3[ASR]5,261,train
2020[Cd][dia]3[ASR]6,269,train
2020[Cd][hcb]2[ASR]1,3,train
2020[Cd][hcb]2[ASR]3,1468,train
2020[Cd][hcb]2[ASR]5,1469,train
2020[Cd][hms]3[ASR]1,219,train
2020[Cd][kgd]2[ASR]2,1470,train
2020[Cd][kgd]2[ASR]3,16,val
2020[Cd][nan]2[ASR]1,1471,train
2020[Cd][nan]2[ASR]2,1472,train
2020[Cd][nan]2[ASR]5,1473,train
2020[Cd][nan]3[ASR]4,1474,train
2020[Cd][nan]3[ASR]6,1475,train
2020[Cd][nan]3[ASR]7,1476,val
2020[Cd][pcu]3[ASR]3,186,train
2020[Cd][pts]3[ASR]1,1477,test
2020[Cd][rtl]3[ASR]1,241,train
2020[Cd][sql]2[ASR]10,172,train
2020[Cd][sql]2[ASR]11,239,train
2020[Cd][sql]2[ASR]2,171,train
2020[Cd][sql]2[ASR]3,15,train
2020[Cd][sql]2[ASR]5,220,train
2020[Cd][sql]2[ASR]6,257,train
2020[Cd][sql]2[ASR]7,236,train
2020[Cd][sql]2[ASR]8,258,train
2020[Ce][pts]3[ASR]1,19,val
2020[Co][ant]3[ASR]1,292,train
2020[Co][ant]3[ASR]2,292,train
2020[Co][dia]3[ASR]1,359,train
2020[Co][dia]3[ASR]2,333,test
2020[Co][fsc]3[ASR]1,363,train
2020[Co][fsc]3[ASR]2,1478,train
2020[Co][hcb]2[ASR]1,22,train
2020[Co][hex]3[ASR]1,44,train
2020[Co][ins]3[ASR]1,320,train
2020[Co][mab]3[ASR]1,349,test
2020[Co][nan]2[ASR]1,1479,train
2020[Co][nan]2[ASR]2,1480,train
2020[Co][nan]2[ASR]4,1481,train
2020[Co][nan]2[ASR]5,1482,train
2020[Co][nan]2[ASR]8,1483,train
2020[Co][nan]3[ASR]17,1484,train
2020[Co][nan]3[ASR]18,1485,train
2020[Co][nan]3[ASR]19,1486,train
2020[Co][nan]3[ASR]4,1487,train
2020[Co][pcu]3[ASR]1,281,train
2020[Co][pcu]3[ASR]3,355,val
2020[Co][rob]3[ASR]1,348,val
2020[Co][sql]2[ASR]10,46,train
2020[Co][sql]2[ASR]11,324,train
2020[Co][sql]2[ASR]2,277,test
2020[Co][sql]2[ASR]3,347,train
2020[Co][sql]2[ASR]4,347,train
2020[Co][tfz]3[ASR]1,1488,train
2020[CuGe][sql]2[ASR]1,1489,train
2020[CuGe][sql]2[ASR]2,1490,train
2020[CuGe][sql]2[ASR]3,1491,train
2020[CuNb][sql]2[ASR]2,1492,train
2020[CuNb][sql]2[ASR]3,1493,train
2020[CuSi][pcu]2[ASR]2,52,val
2020[CuYb][stp]3[ASR]1,1494,train
2020[CuZr][pcu]3[ASR]1,58,train
2020[Cu][eea]3[ASR]1,416,test
2020[Cu][mab]3[ASR]1,426,train
2020[Cu][rob]3[ASR]1,400,train
2020[Cu][rob]3[ASR]2,395,train
2020[Eu][flu]3[ASR]2,1495,train
2020[Eu][htp]3[ASR]1,1496,train
2020[Eu][nan]3[ASR]6,1497,train
2020[Fe][met]3[ASR]1,453,train
2020[Fe][met]3[ASR]2,453,train
2020[Fe][stp]3[ASR]1,465,train
2020[Gd][nan]2[ASR]1,1498,train
2020[Gd][nan]3[ASR]2,1499,test
2020[In][hcb]2[ASR]1,475,train
2020[La][pts]3[ASR]1,88,train
2020[Mg][nan]3[ASR]3,1500,train
2020[Mg][nan]3[ASR]4,1501,train
2020[Mg][nan]3[ASR]5,1502,val
2020[Mg][nan]3[ASR]6,1503,train
2020[Mg][nan]3[ASR]7,1504,train
2020[Mg][nan]3[ASR]8,1505,train
2020[Mg][nan]3[ASR]9,1506,train
2020[Mg][rtl]3[ASR]1,1507,test
2020[Mn][ant]3[ASR]2,484,train
2020[Mn][nan]3[ASR]2,1508,test
2020[Mn][nan]3[ASR]3,1509,test
2020[Mn][pcu]3[ASR]1,96,train
2020[Mn][sql]2[ASR]4,99,train
2020[Mn][tav]3[ASR]1,1510,train
2020[Ni][dia]3[ASR]2,518,train
2020[Ni][nan]3[ASR]4,1511,train
2020[Ni][nan]3[ASR]5,1512,train
2020[Pr][pts]3[ASR]1,117,test
2020[Ru][sql]2[ASR]1,119,train
2020[Tb][flu]3[ASR]1,1513,train
2020[Tb][htp]3[ASR]1,1514,train
2020[Tb][nan]3[ASR]3,539,train
2020[Tb][nan]3[ASR]6,1515,train
2020[Tb][pcu]3[ASR]2,540,train
2020[Ti][bcu]3[ASR]1,125,train
2020[Ti][bcu]3[ASR]2,126,train
2020[Ti][nan]3[ASR]1,1516,train
2020[Ti][nan]3[ASR]3,1517,val
2020[V][nan]3[ASR]1,1518,train
2020[V][nan]3[ASR]2,1519,train
2020[Y][mog]3[ASR]1,1520,train
2020[Zn][bbf]3[ASR]2,568,val
2020[Zn][bex]2[ASR]1,1521,train
2020[Zn][dia]3[ASR]12,1522,val
2020[Zn][dia]3[ASR]6,623,train
2020[Zn][dia]3[ASR]7,608,train
2020[Zn][dmc]3[ASR]1,1523,train
2020[Zn][fsc]3[ASR]1,1524,test
2020[Zn][hcb]2[ASR]1,560,test
2020[Zn][hcb]2[ASR]2,1525,val
2020[Zn][hcb]2[ASR]4,1526,test
2020[Zn][hcb]2[ASR]5,588,train
2020[Zn][nan]3[ASR]12,1527,test
2020[Zn][nan]3[ASR]13,1528,test
2020[Zn][nan]3[ASR]14,1529,train
2020[Zn][nan]3[ASR]15,1530,train
2020[Zn][nan]3[ASR]21,1531,train
2020[Zn][nan]3[ASR]3,1532,test
2020[Zn][nan]3[ASR]4,1533,train
2020[Zn][nan]3[ASR]52,1534,train
2020[Zn][nan]3[ASR]53,1535,train
2020[Zn][nan]3[ASR]57,1536,train
2020[Zn][nan]3[ASR]58,1537,train
2020[Zn][nan]3[ASR]59,1538,train
2020[Zn][nan]3[ASR]60,1539,train
2020[Zn][nan]3[ASR]65,1540,train
2020[Zn][pcu]3[ASR]11,584,train
2020[Zn][pcu]3[ASR]12,1541,train
2020[Zn][pcu]3[ASR]13,648,train
2020[Zn][qtz]3[ASR]1,660,train
2020[Zn][rob]3[ASR]2,619,train
2020[Zn][scu]3[ASR]1,663,train
2020[Zn][sod]3[ASR]1,142,train
2020[Zn][sql]2[ASR]11,641,test
2020[Zn][sql]2[ASR]12,642,test
2020[Zn][sql]2[ASR]14,553,train
2020[Zn][sql]2[ASR]15,645,train
2020[Zn][sql]2[ASR]18,555,test
2020[Zn][sql]2[ASR]19,637,train
2020[Zn][sql]2[ASR]20,651,train
2020[Zn][sql]2[ASR]21,622,test
2020[Zn][sql]2[ASR]22,580,train
2020[Zn][sql]2[ASR]3,1542,test
2020[Zn][sra]3[ASR]1,634,train
2020[Zn][sra]3[ASR]2,634,train
2021[Al][nan]3[ASR]1,1543,train
2021[Al][nan]3[ASR]10,1544,test
2021[Al][nan]3[ASR]11,1545,train
2021[Al][nan]3[ASR]12,1546,train
2021[Al][nan]3[ASR]13,1547,val
2021[Al][nan]3[ASR]14,1548,train
2021[Al][nan]3[ASR]15,1549,train
2021[Al][nan]3[ASR]16,1550,test
2021[Al][nan]3[ASR]17,1551,train
2021[Al][nan]3[ASR]18,1552,train
2021[Al][nan]3[ASR]19,1553,test
2021[Al][nan]3[ASR]2,1554,train
2021[Al][nan]3[ASR]20,1555,train
2021[Al][nan]3[ASR]21,1556,train
2021[Al][nan]3[ASR]22,1557,train
2021[Al][nan]3[ASR]3,1558,test
2021[Al][nan]3[ASR]4,1559,train
2021[Al][nan]3[ASR]5,1560,test
2021[Al][nan]3[ASR]6,1561,train
2021[Al][nan]3[ASR]7,1562,train
2021[Al][nan]3[ASR]8,1563,train
2021[Al][nan]3[ASR]9,1564,train
2021[Cd][fsc]3[ASR]1,267,train
2021[Cd][fsc]3[ASR]2,267,train
2021[Cd][gra]3[ASR]1,1565,train
2021[Cd][hcb]2[ASR]1,1566,train
2021[Cd][nan]2[ASR]1,213,train
2021[Cd][pcu]3[ASR]1,1567,train
2021[Cd][pcu]3[ASR]3,228,train
2021[Cd][pcu]3[ASR]4,179,train
2021[Cd][sql]2[ASR]2,6,train
2021[Cd][sql]2[ASR]4,230,train
2021[Cd][sql]2[ASR]5,5,test
2021[Cd][sql]2[ASR]6,1568,train
2021[Cd][tfz]3[ASR]6,1569,train
2021[Ce][flu]3[ASR]1,1570,train
2021[Co][dia]3[ASR]1,356,train
2021[Co][dia]3[ASR]2,358,val
2021[Co][kgd]2[ASR]1,331,train
2021[Co][nan]3[ASR]10,1571,test
2021[Co][nan]3[ASR]15,1572,test
2021[Co][nan]3[ASR]16,1573,train
2021[Co][nan]3[ASR]5,1574,train
2021[Co][nan]3[ASR]6,1575,train
2021[Co][nan]3[ASR]8,1576,train
2021[Co][nan]3[ASR]9,1577,test
2021[Co][pcu]3[ASR]1,317,test
2021[Co][pcu]3[ASR]4,45,train
2021[Co][pcu]3[ASR]5,323,test
2021[Co][pcu]3[ASR]6,323,test
2021[Co][pcu]3[ASR]7,323,test
2021[Co][rtl]3[ASR]1,335,val
2021[Co][scu]3[ASR]1,1578,train
2021[Co][sql]2[ASR]1,1579,train
2021[CuW][nan]3[ASR]1,377,train
2021[Cu][crs]3[ASR]1,62,train
2021[Cu][rtl]3[ASR]1,384,train
2021[Cu][rtl]3[ASR]2,382,train
2021[Cu][rtl]3[ASR]3,383,val
2021[Cu][rtl]3[ASR]4,389,train
2021[Cu][rtl]3[ASR]5,390,train
2021[Cu][sql]2[ASR]1,64,train
2021[Cu][sql]2[ASR]4,1580,train
2021[Eu][ant]3[ASR]1,1581,train
2021[Eu][dia]3[ASR]1,1582,train
2021[Eu][nan]3[ASR]1,448,train
2021[Eu][pcu]3[ASR]1,79,train
2021[Fe][bpq]3[ASR]1,460,val
2021[Mn][kgd]2[ASR]1,489,train
2021[Mn][kgd]2[ASR]2,489,train
2021[Mn][kgd]2[ASR]3,489,train
2021[Mn][nan]3[ASR]1,1583,train
2021[Ni][dia]3[ASR]1,530,train
2021[Y][acs]3[ASR]1,550,train
2021[Zn][dia]3[ASR]3,654,test
2021[Zn][dia]3[ASR]4,137,train
2021[Zn][dia]3[ASR]5,554,train
2021[Zn][dmc]3[ASR]1,1584,train
2021[Zn][dmc]3[ASR]2,1585,train
2021[Zn][fsc]3[ASR]1,1586,train
2021[Zn][fsc]3[ASR]2,1587,val
2021[Zn][hcb]2[ASR]1,670,train
2021[Zn][nan]2[ASR]2,1588,test
2021[Zn][nan]3[ASR]17,1589,val
2021[Zn][nan]3[ASR]18,1590,train
2021[Zn][nan]3[ASR]19,1591,test
2021[Zn][nan]3[ASR]20,1592,train
2021[Zn][nan]3[ASR]21,1593,train
2021[Zn][nan]3[ASR]22,1594,train
2021[Zn][nan]3[ASR]23,1595,train
2021[Zn][pcu]3[ASR]11,561,train
2021[Zn][pcu]3[ASR]12,1596,val
2021[Zn][pcu]3[ASR]13,149,val
2021[Zn][sql]2[ASR]1,1597,train
2021[Zn][tfz]3[ASR]1,1598,train
2021[Zn][utp]3[ASR]1,644,train
2022[Cd][bcu]3[ASR]1,1599,train
2022[Cd][nan]2[ASR]2,1600,train
2022[Cd][nan]3[ASR]7,1601,train
2022[Cd][pcu]3[ASR]1,174,train
2022[Cd][sdd]2[ASR]1,199,train
2022[Cd][sql]2[ASR]1,223,train
2022[Ce][ant]3[ASR]1,1602,train
2022[Ce][nan]3[ASR]1,1603,train
2022[Co][mab]3[ASR]1,1604,train
2022[Co][nan]3[ASR]1,1605,train
2022[Co][nan]3[ASR]10,1606,train
2022[Co][nan]3[ASR]11,1607,train
2022[Co][nan]3[ASR]3,1608,train
2022[Co][nan]3[ASR]4,1609,train
2022[Cu][pcu]3[ASR]1,60,train
2022[Cu][rob]3[ASR]1,406,train
2022[Er][ant]3[ASR]1,1610,train
2022[Eu][ant]3[ASR]1,1611,train
2022[Eu][hcb]2[ASR]1,1612,train
2022[Eu][hcb]2[ASR]3,78,train
2022[Eu][sql]2[ASR]1,77,train
2022[Fe][rtl]3[ASR]1,461,train
2022[Gd][ant]3[ASR]1,1613,train
2022[Gd][hcb]2[ASR]1,1614,train
2022[In][nan]2[ASR]1,476,train
2022[La][alb]3[ASR]1,90,train
2022[La][alb]3[ASR]2,1615,train
2022[La][nan]2[ASR]1,1616,train
2022[Mn][nan]3[ASR]2,1617,train
2022[Ni][dia]3[ASR]1,529,train
2022[Ni][nan]3[ASR]1,1618,train
2022[Pr][ant]3[ASR]1,1619,test
2022[Sc][bpq]3[ASR]1,536,train
2022[Sc][bpq]3[ASR]2,536,train
2022[Sc][bpq]3[ASR]3,536,train
2022[Sc][bpq]3[ASR]4,536,train
2022[Sc][bpq]3[ASR]5,536,train
2022[Sc][bpq]3[ASR]6,536,train
2022[Sm][ant]3[ASR]1,1620,val
2022[Tb][ant]3[ASR]1,1621,train
2022[Tb][hcb]2[ASR]1,1622,test
2022[Tb][sql]2[ASR]1,121,train
2022[Y][nan]3[ASR]3,1623,val
2022[Zn][dmp]3[ASR]1,136,train
2022[Zn][lon]3[ASR]1,1624,val
2022[Zn][lon]3[ASR]2,1625,train
2022[Zn][lon]3[ASR]3,1626,train
2022[Zn][lon]3[ASR]4,1627,train
2022[Zn][nan]3[ASR]1,1628,train
2022[Zn][nan]3[ASR]10,1629,train
2022[Zn][nan]3[ASR]15,1630,train
2022[Zn][nan]3[ASR]16,1631,train
2022[Zn][nan]3[ASR]20,1632,train
2022[Zn][pcu]3[ASR]3,659,train
2022[Zn][pts]3[ASR]7,674,train
2022[Zn][qtz]3[ASR]1,135,train
2022[Zn][sql]2[ASR]7,1633,test
2022[Zn][sra]3[ASR]1,675,test
2022[Zn][umc]3[ASR]1,1634,train
2023[Cd][bey]2[ASR]1,13,val
2023[Cd][fsc]3[ASR]1,1635,train
2023[Cd][hex]3[ASR]1,197,train
2023[Cd][kgd]2[ASR]2,270,val
2023[Cd][nan]3[ASR]4,1636,train
2023[Cd][pcu]3[ASR]1,1637,train
2023[Cd][rtl]3[ASR]1,271,train
2023[Cd][sod]3[ASR]1,175,train
2023[Cd][sql]2[ASR]1,237,train
2023[Cd][sql]2[ASR]4,225,train
2023[Co][kgd]2[ASR]1,42,test
2023[Co][nan]3[ASR]14,1638,train
2023[Co][nan]3[ASR]2,1639,test
2023[Co][nan]3[ASR]3,1640,train
2023[Co][nan]3[ASR]6,1641,train
2023[Co][nan]3[ASR]7,1642,train
2023[Co][pcu]3[ASR]1,341,train
2023[Co][pcu]3[ASR]2,354,train
2023[Co][pcu]3[ASR]3,328,train
2023[Co][sql]2[ASR]3,332,train
2023[Co][sql]2[ASR]4,49,test
2023[CuNb][sql]2[ASR]1,1643,train
2023[Cu][fsc]2[ASR]1,432,test
2023[Cu][rob]3[ASR]1,434,train
2023[Cu][sql]2[ASR]2,69,train
2023[Dy][hcb]2[ASR]2,1644,train
2023[Er][nan]3[ASR]2,444,train
2023[Eu][mog]3[ASR]1,81,test
2023[Eu][mog]3[ASR]2,81,test
2023[Fe][sql]2[ASR]1,457,train
2023[Hf][nan]3[ASR]1,1645,train
2023[Ho][nan]3[ASR]2,470,train
2023[In][dia]3[ASR]2,472,train
2023[Mg][bpq]3[ASR]1,482,train
2023[Mg][bpq]3[ASR]2,482,train
2023[Mg][bpq]3[ASR]3,482,train
2023[Mn][fsc]3[ASR]1,499,test
2023[Mn][pcu]3[ASR]1,97,train
2023[Mn][sql]2[ASR]1,98,train
2023[Ni][ddi]3[ASR]3,511,train
2023[Ni][dia]3[ASR]1,529,train
2023[Ni][nan]2[ASR]1,1646,train
2023[Sc][bpq]3[ASR]1,536,train
2023[Sc][bpq]3[ASR]2,536,train
2023[Tb][nan]3[ASR]1,1647,train
2023[Tb][nan]3[ASR]3,538,train
2023[Th][nan]3[ASR]1,1648,train
2023[Tm][nan]3[ASR]1,542,train
2023[V][sea]3[ASR]1,1649,train
2023[Yb][nan]3[ASR]1,1650,train
2023[Yb][nan]3[ASR]2,546,train
2023[Zn][dia]3[ASR]2,630,train
2023[Zn][nan]2[ASR]4,1651,train
2023[Zn][nan]2[ASR]5,601,train
2023[Zn][nan]3[ASR]1,577,train
2023[Zn][nan]3[ASR]10,1652,train
2023[Zn][nan]3[ASR]16,1653,train
2023[Zn][nan]3[ASR]2,577,train
2023[Zn][nan]3[ASR]24,1654,train
2023[Zn][nan]3[ASR]3,577,train
2023[Zn][nan]3[ASR]4,577,train
2023[Zn][nan]3[ASR]5,577,train
2023[Zn][nan]3[ASR]6,593,train
2023[Zn][nan]3[ASR]7,577,train
2023[Zn][nan]3[ASR]8,577,train
2023[Zn][nan]3[ASR]9,577,train
2023[Zn][sql]2[ASR]1,596,train
2023[Zn][sql]2[ASR]10,596,train
2023[Zn][sql]2[ASR]11,596,train
2023[Zn][sql]2[ASR]12,596,train
2023[Zn][sql]2[ASR]13,596,train
2023[Zn][sql]2[ASR]14,596,train
2023[Zn][sql]2[ASR]15,596,train
2023[Zn][sql]2[ASR]16,596,train
2023[Zn][sql]2[ASR]17,596,train
2023[Zn][sql]2[ASR]18,596,train
2023[Zn][sql]2[ASR]19,596,train
2023[Zn][sql]2[ASR]2,596,train
2023[Zn][sql]2[ASR]20,596,train
2023[Zn][sql]2[ASR]21,596,train
2023[Zn][sql]2[ASR]22,596,train
2023[Zn][sql]2[ASR]23,596,train
2023[Zn][sql]2[ASR]26,610,train
2023[Zn][sql]2[ASR]3,596,train
2023[Zn][sql]2[ASR]4,596,train
2023[Zn][sql]2[ASR]5,596,train
2023[Zn][sql]2[ASR]6,596,train
2023[Zn][sql]2[ASR]7,596,train
2023[Zn][sql]2[ASR]8,596,train
2023[Zn][sql]2[ASR]9,596,train
2023[Zn][sra]3[ASR]1,1655,train
2023[Zr][nan]3[ASR]1,1656,train
2024[Cd][dia]3[ASR]1,190,train
2024[Cd][nan]2[ASR]4,9,train
2024[Co][pcu]3[ASR]1,341,train
2024[Co][pcu]3[ASR]2,372,test
2024[Co][sql]2[ASR]2,330,train
2024[Cu][pcu]3[ASR]1,401,val
2024[Cu][pcu]3[ASR]2,401,val
2024[Cu][pcu]3[ASR]3,401,val
2024[Cu][tfz]3[ASR]1,436,train
2024[Eu][nan]3[ASR]2,1657,train
2024[Mn][pcu]3[ASR]1,1658,train
2024[Mn][pts]3[ASR]1,1659,train
2024[Mn][scu]3[ASR]1,498,train
2024[Ni][sql]2[ASR]2,516,train
2024[Zn][bnn]3[ASR]1,1660,train
2024[Zn][crb]3[ASR]1,563,train
2024[Zn][crb]3[ASR]10,563,train
2024[Zn][crb]3[ASR]11,563,train
2024[Zn][crb]3[ASR]12,563,train
2024[Zn][crb]3[ASR]13,563,train
2024[Zn][crb]3[ASR]14,563,train
2024[Zn][crb]3[ASR]15,563,train
2024[Zn][crb]3[ASR]16,563,train
2024[Zn][crb]3[ASR]17,563,train
2024[Zn][crb]3[ASR]18,563,train
2024[Zn][crb]3[ASR]19,563,train
2024[Zn][crb]3[ASR]2,563,train
2024[Zn][crb]3[ASR]20,563,train
2024[Zn][crb]3[ASR]21,563,train
2024[Zn][crb]3[ASR]22,563,train
2024[Zn][crb]3[ASR]23,563,train
2024[Zn][crb]3[ASR]24,563,train
2024[Zn][crb]3[ASR]25,563,train
2024[Zn][crb]3[ASR]26,563,train
2024[Zn][crb]3[ASR]27,563,train
2024[Zn][crb]3[ASR]28,563,train
2024[Zn][crb]3[ASR]29,563,train
2024[Zn][crb]3[ASR]3,563,train
2024[Zn][crb]3[ASR]30,563,train
2024[Zn][crb]3[ASR]31,563,train
2024[Zn][crb]3[ASR]32,563,train
2024[Zn][crb]3[ASR]4,563,train
2024[Zn][crb]3[ASR]5,563,train
2024[Zn][crb]3[ASR]6,563,train
2024[Zn][crb]3[ASR]7,563,train
2024[Zn][crb]3[ASR]8,563,train
2024[Zn][crb]3[ASR]9,563,train
2024[Zn][sql]2[ASR]3,156,train
2024[Zn][sql]2[ASR]4,629,train
2024[Zn][sra]3[ASR]1,633,test
2024[Zn][sra]3[ASR]2,633,test
