mof_id,split,source_row_index,Nmax
0000[AsCd][cds]3[ASR]1,train,0,13
0000[Cd][bcu]3[ASR]1,train,1,120
0000[Cd][dia]3[ASR]1,val,2,24
0000[Cd][fsc]3[ASR]1,train,3,110
0000[Cd][nan]3[ASR]3,train,4,74
0000[Cd][pcu]3[ASR]1,train,5,174
0000[Cd][pcu]3[ASR]3,train,6,86
0000[Cd][pts]3[ASR]1,train,7,26
0000[Cd][pts]3[ASR]2,train,8,147
0000[Cd][sql]2[ASR]2,train,9,35
0000[Cd][sql]2[ASR]3,train,10,45
0000[CeZr][pth]3[ASR]1,train,11,151
0000[Co][dia]3[ASR]1,test,12,150
0000[Co][dia]3[ASR]2,train,13,78
0000[Co][fsc]3[ASR]1,test,14,64
0000[Co][ins]3[ASR]1,train,15,55
0000[Co][ins]3[ASR]2,train,16,47
0000[Co][ins]3[ASR]3,train,17,48
0000[Co][mab]3[ASR]1,train,18,19
0000[Co][nan]2[ASR]1,train,19,87
0000[Co][nan]2[ASR]2,test,20,39
0000[Co][nan]3[ASR]1,train,21,52
0000[Co][nan]3[ASR]10,test,22,94
0000[Co][nan]3[ASR]11,train,23,130
0000[Co][nan]3[ASR]12,train,24,142
0000[Co][nan]3[ASR]16,train,25,54
0000[Co][nan]3[ASR]17,train,26,142
0000[Co][nan]3[ASR]3,train,27,102
0000[Co][nan]3[ASR]4,train,28,89
0000[Co][nan]3[ASR]6,train,29,100
0000[Co][nan]3[ASR]7,train,30,95
0000[Co][nan]3[ASR]9,train,31,97
0000[Co][pcu]3[ASR]1,test,32,84
0000[Co][rho]3[ASR]1,train,33,118
0000[Co][sql]2[ASR]1,train,34,51
0000[Co][sql]2[ASR]3,train,35,131
0000[CuSi][pcu]3[ASR]1,train,36,143
0000[CuTb][stp]3[ASR]1,train,37,69
0000[Cu][apo]3[ASR]1,train,38,112
0000[Cu][dia]3[ASR]1,train,39,85
0000[Cu][etb]3[ASR]1,train,40,142
0000[Cu][nan]3[ASR]1,train,41,55
0000[Cu][noz]3[ASR]1,train,42,35
0000[Cu][srs]3[ASR]1,test,43,54
0000[Dy][tsi]3[ASR]1,train,44,56
0000[Er][pcu]3[ASR]1,train,45,84
0000[Eu][nan]3[ASR]1,test,46,48
0000[Eu][tsi]3[ASR]1,train,47,61
0000[Fe][dia]3[ASR]1,test,48,45
0000[Fe][pcu]3[ASR]2,train,49,79
0000[Fe][pts]3[ASR]1,train,50,86
0000[Gd][pcu]3[ASR]2,train,51,112
0000[Mn][ant]3[ASR]1,train,52,29
0000[Mn][nan]3[ASR]2,train,53,72
0000[Mn][sra]3[ASR]1,val,54,75
0000[NiLa][stp]3[ASR]1,train,55,51
0000[Ni][dia]3[ASR]1,test,56,165
0000[Ni][dia]3[ASR]2,train,57,34
0000[Ni][dia]3[ASR]3,train,58,80
0000[Ni][pcu]3[ASR]3,train,59,70
0000[Pr][crs]3[ASR]1,train,60,112
0000[SiCu][pcu]3[ASR]1,train,61,105
0000[Tb][nan]3[ASR]1,val,62,17
0000[Tb][nan]3[ASR]4,train,63,98
0000[Zn][dia]3[ASR]1,train,64,171
0000[Zn][dia]3[ASR]4,train,65,148
0000[Zn][ins]3[ASR]1,train,66,99
0000[Zn][nan]3[ASR]4,train,67,107
0000[Zn][nan]3[ASR]5,train,68,21
0000[Zn][sod]3[ASR]1,train,69,138
1995[Al][nan]3[ASR]1,train,70,130
1996[La][nia]3[ASR]1,train,71,142
1998[Co][nan]3[ASR]1,test,72,70
2000[Eu][nia]3[ASR]1,train,73,119
2000[Pr][nia]3[ASR]1,train,74,132
2001[Cd][nan]3[ASR]1,train,75,26
2001[Co][dia]3[ASR]1,test,76,47
2001[Co][dia]3[ASR]2,train,77,47
2001[Co][dia]3[ASR]3,train,78,60
2001[Co][dia]3[ASR]4,train,79,51
2001[Co][nan]3[ASR]1,train,80,40
2001[Ni][sni]3[ASR]1,train,81,25
2002[Cr][bpq]3[ASR]1,train,82,142
2002[Er][nan]3[ASR]1,train,83,106
2002[Zn][pcu]3[ASR]4,train,84,149
2003[Al][nan]3[ASR]2,val,85,38
2003[Cd][pcu]3[ASR]1,train,86,74
2003[Ce][nia]3[ASR]1,train,87,137
2003[Co][kag]3[ASR]1,train,88,102
2003[Co][kag]3[ASR]2,train,89,101
2003[Co][nan]3[ASR]2,train,90,94
2003[Co][neb]3[ASR]1,train,91,151
2003[Co][neb]3[ASR]2,train,92,141
2003[Co][pts]3[ASR]1,train,93,110
2003[Co][usf]3[ASR]1,train,94,104
2003[CuEr][stp]3[ASR]1,test,95,69
2003[CuEu][stp]3[ASR]1,train,96,69
2003[CuEu][stp]3[ASR]2,test,97,69
2003[CuLa][stp]3[ASR]1,val,98,70
2003[CuLa][stp]3[ASR]2,train,99,71
2003[CuNd][stp]3[ASR]1,test,100,70
2003[Cu][pcu]3[ASR]1,train,101,156
2003[Cu][rob]3[ASR]1,train,102,28
2003[Cu][rob]3[ASR]2,train,103,30
2003[Cu][rob]3[ASR]3,train,104,29
2003[Cu][rob]3[ASR]4,train,105,35
2003[Cu][rob]3[ASR]5,train,106,35
2003[Cu][rob]3[ASR]6,train,107,53
2003[Cu][usf]3[ASR]1,train,108,104
2003[Mn][dia]3[ASR]1,train,109,83
2003[Mn][dia]3[ASR]2,train,110,93
2003[Ni][nan]3[ASR]1,train,111,78
2003[Ni][noz]3[ASR]1,train,112,35
2003[V][sea]3[ASR]1,train,113,74
2004[Al][bpq]3[ASR]1,val,114,177
2004[Al][bpq]3[ASR]2,val,115,95
2004[Cd][bnn]3[ASR]1,train,116,75
2004[Cd][rob]3[ASR]1,train,117,50
2004[Co][pcu]3[ASR]1,train,118,78
2004[Co][pcu]3[ASR]2,train,119,50
2004[Co][rtl]3[ASR]1,train,120,40
2004[Co][rtl]3[ASR]2,train,121,69
2004[Cu][asf]3[ASR]1,train,122,86
2004[Cu][asf]3[ASR]2,train,123,88
2004[Cu][dia]3[ASR]2,train,124,26
2004[Cu][dia]3[ASR]3,train,125,26
2004[Cu][pcu]3[ASR]1,train,126,32
2004[Eu][nan]3[ASR]1,test,127,27
2004[Mn][bnn]3[ASR]1,train,128,48
2004[Mn][bnn]3[ASR]2,train,129,48
2004[Mn][dia]3[ASR]1,train,130,70
2004[Mn][dia]3[ASR]2,train,131,71
2004[Mn][dia]3[ASR]3,train,132,62
2004[Mn][dia]3[ASR]4,train,133,83
2004[Mn][dia]3[ASR]6,train,134,78
2004[Ni][nan]3[ASR]1,train,135,79
2004[Ni][pcu]3[ASR]1,train,136,163
2004[Tb][mog]3[ASR]1,train,137,37
2004[Yb][mog]3[ASR]1,train,138,38
2004[Zn][nan]3[ASR]1,train,139,99
2004[Zn][nan]3[ASR]3,train,140,133
2005[Co][dia]3[ASR]1,train,141,84
2005[Co][dia]3[ASR]2,train,142,80
2005[Co][dia]3[ASR]3,train,143,81
2005[Co][dia]3[ASR]4,train,144,83
2005[Co][dia]3[ASR]5,train,145,82
2005[Co][dia]3[ASR]6,train,146,75
2005[Co][nan]3[ASR]1,train,147,66
2005[CuSm][stp]3[ASR]1,test,148,69
2005[Fe][bpq]3[ASR]1,val,149,143
2005[Fe][dia]3[ASR]2,train,150,94
2005[Ni][nan]3[ASR]1,val,151,34
2005[Pr][nan]3[ASR]2,train,152,85
2005[Tb][nan]3[ASR]1,train,153,99
2005[Zn][dia]3[ASR]1,test,154,90
2005[Zn][nan]3[ASR]6,test,155,66
2005[Zn][pcu]3[ASR]1,train,156,59
2005[Zn][pyr]3[ASR]1,train,157,69
2006[Cd][dia]3[ASR]2,train,158,162
2006[Cd][pyr]3[ASR]1,train,159,70
2006[Co][dia]3[ASR]1,train,160,82
2006[Co][nan]3[ASR]1,train,161,53
2006[Co][nan]3[ASR]2,train,162,68
2006[Co][nan]3[ASR]3,train,163,66
2006[Co][nan]3[ASR]4,train,164,64
2006[Co][nan]3[ASR]5,train,165,68
2006[Co][nan]3[ASR]6,train,166,64
2006[Co][sod]3[ASR]1,train,167,66
2006[CuW][nan]3[ASR]1,train,168,157
2006[Cu][pcu]3[ASR]1,train,169,40
2006[Dy][nan]3[ASR]2,test,170,98
2006[Er][nan]3[ASR]3,train,171,155
2006[Eu][nan]3[ASR]1,train,172,99
2006[FeRh][pem]3[ASR]1,val,173,153
2006[In][bpq]3[ASR]1,train,174,52
2006[Mg][dia]3[ASR]1,train,175,94
2006[Mg][dia]3[ASR]2,train,176,97
2006[Mg][dia]3[ASR]3,train,177,95
2006[Mg][dia]3[ASR]4,train,178,95
2006[Mg][dia]3[ASR]5,train,179,134
2006[Mg][dia]3[ASR]6,train,180,90
2006[Mg][dia]3[ASR]7,train,181,88
2006[Mg][dia]3[ASR]8,train,182,104
2006[Mn][dia]3[ASR]1,train,183,74
2006[Mn][dia]3[ASR]2,train,184,73
2006[Mn][dia]3[ASR]3,train,185,72
2006[Mn][fsc]3[ASR]1,train,186,101
2006[Mn][fsc]3[ASR]2,train,187,102
2006[Mn][fsc]3[ASR]3,test,188,103
2006[Mn][nan]3[ASR]1,train,189,60
2006[Nd][nan]3[ASR]2,train,190,38
2006[Ni][ins]3[ASR]1,train,191,52
2006[Ni][nan]3[ASR]2,train,192,59
2006[Ni][nan]3[ASR]3,train,193,53
2006[Ni][nan]3[ASR]4,val,194,52
2006[Ni][nan]3[ASR]6,train,195,17
2006[V][bpq]3[ASR]1,train,196,163
2006[V][bpq]3[ASR]2,train,197,154
2006[V][bpq]3[ASR]3,train,198,157
2006[V][bpq]3[ASR]4,train,199,154
2006[V][bpq]3[ASR]5,train,200,86
2006[Y][nan]3[ASR]2,train,201,156
2006[ZnSi][cds]3[ASR]1,train,202,114
2006[Zn][crb]3[ASR]1,train,203,133
2006[Zn][dia]3[ASR]10,test,204,99
2006[Zn][dia]3[ASR]3,test,205,90
2006[Zn][dia]3[ASR]4,test,206,92
2006[Zn][dia]3[ASR]5,test,207,87
2006[Zn][dia]3[ASR]6,test,208,143
2006[Zn][dia]3[ASR]7,test,209,81
2006[Zn][dia]3[ASR]8,test,210,101
2006[Zn][dia]3[ASR]9,test,211,79
2006[Zn][nan]3[ASR]1,train,212,72
2006[Zn][nan]3[ASR]2,train,213,74
2006[Zn][nan]3[ASR]4,train,214,27
2006[Zn][nan]3[ASR]5,train,215,76
2006[Zn][nan]3[ASR]6,train,216,62
2006[Zn][sod]3[ASR]1,train,217,133
2006[Zn][tfw]3[ASR]1,train,219,90
2007[Cd][nan]3[ASR]2,val,220,52
2007[Co][nan]3[ASR]1,test,221,18
2007[Co][noz]3[ASR]1,train,222,35
2007[CuGd][stp]3[ASR]1,train,223,69
2007[CuNd][stp]3[ASR]1,train,224,70
2007[CuSm][stp]3[ASR]1,train,225,70
2007[Dy][bnn]3[ASR]1,train,226,161
2007[Fe][dia]3[ASR]1,train,227,88
2007[Fe][dia]3[ASR]10,train,228,84
2007[Fe][dia]3[ASR]11,train,229,87
2007[Fe][dia]3[ASR]12,train,230,96
2007[Fe][dia]3[ASR]13,train,231,104
2007[Fe][dia]3[ASR]14,train,232,117
2007[Fe][dia]3[ASR]15,train,233,96
2007[Fe][dia]3[ASR]16,train,234,80
2007[Fe][dia]3[ASR]17,train,235,85
2007[Fe][dia]3[ASR]18,train,236,92
2007[Fe][dia]3[ASR]19,train,237,105
2007[Fe][dia]3[ASR]2,train,238,95
2007[Fe][dia]3[ASR]20,train,239,110
2007[Fe][dia]3[ASR]21,train,240,87
2007[Fe][dia]3[ASR]22,train,241,97
2007[Fe][dia]3[ASR]23,train,242,101
2007[Fe][dia]3[ASR]24,train,243,75
2007[Fe][dia]3[ASR]3,train,244,105
2007[Fe][dia]3[ASR]4,train,245,92
2007[Fe][dia]3[ASR]5,train,246,99
2007[Fe][dia]3[ASR]6,train,247,128
2007[Fe][dia]3[ASR]7,train,248,99
2007[Fe][dia]3[ASR]8,train,249,102
2007[Fe][dia]3[ASR]9,train,250,116
2007[Gd][bnn]3[ASR]1,train,251,162
2007[La][nan]3[ASR]3,train,252,66
2007[Mg][dia]3[ASR]1,train,253,86
2007[Mn][dia]3[ASR]1,train,254,67
2007[Mn][dia]3[ASR]2,train,255,78
2007[Mn][dia]3[ASR]3,train,256,58
2007[Mn][dia]3[ASR]4,train,257,58
2007[Mn][dia]3[ASR]5,train,258,84
2007[Mn][nan]3[ASR]1,train,259,37
2007[Nd][bcu]3[ASR]1,val,260,52
2007[Ni][pcu]3[ASR]1,train,261,92
2007[Ni][pcu]3[ASR]2,train,262,93
2007[Pr][bnn]3[ASR]2,train,263,168
2007[Sm][bnn]3[ASR]1,train,264,168
2007[V][bpq]3[ASR]1,train,265,162
2007[Zn][crb]3[ASR]1,train,266,139
2007[Zn][dia]3[ASR]1,train,267,69
2007[Zn][dia]3[ASR]4,train,268,152
2007[Zn][lta]3[ASR]1,train,269,163
2007[Zn][lta]3[ASR]2,train,270,166
2007[Zn][nan]3[ASR]11,train,271,170
2007[Zn][nan]3[ASR]13,train,272,143
2007[Zn][pts]3[ASR]1,train,273,89
2007[Zn][sod]3[ASR]1,train,274,135
2008[Al][bpq]3[ASR]4,val,275,181
2008[Cd][dia]3[ASR]1,train,276,52
2008[Cd][nan]3[ASR]1,train,277,18
2008[Cd][rho]3[ASR]1,train,278,121
2008[Cd][rho]3[ASR]2,train,279,119
2008[Co][dia]3[ASR]1,train,280,99
2008[Co][dia]3[ASR]2,train,281,82
2008[Co][dia]3[ASR]3,train,282,94
2008[Co][dia]3[ASR]4,train,283,89
2008[Co][dia]3[ASR]5,train,284,79
2008[Co][mog]3[ASR]1,train,285,52
2008[Co][pcu]3[ASR]1,train,286,64
2008[Co][rob]3[ASR]1,train,287,52
2008[Co][sod]3[ASR]1,val,288,157
2008[Co][sod]3[ASR]2,train,289,129
2008[Co][sql]2[ASR]1,test,290,20
2008[Co][sql]2[ASR]2,test,291,20
2008[CuLa][stp]3[ASR]1,val,292,70
2008[CuLa][stp]3[ASR]2,train,293,71
2008[CuLa][stp]3[ASR]3,train,294,71
2008[CuLa][stp]3[ASR]4,train,295,71
2008[CuLa][stp]3[ASR]5,train,296,70
2008[CuLa][stp]3[ASR]6,train,297,71
2008[CuW][acs]3[ASR]1,train,298,166
2008[Cu][mab]3[ASR]1,train,299,51
2008[Cu][rob]3[ASR]1,train,300,30
2008[Cu][rob]3[ASR]2,train,301,30
2008[Cu][rob]3[ASR]3,train,302,57
2008[Cu][rob]3[ASR]4,train,303,29
2008[Cu][rob]3[ASR]5,train,304,59
2008[Eu][nan]3[ASR]3,train,305,29
2008[Fe][bpq]3[ASR]1,val,306,147
2008[Fe][nan]3[ASR]1,train,307,98
2008[Gd][pcu]3[ASR]1,train,308,153
2008[Mg][dia]3[ASR]1,train,309,96
2008[Mg][dia]3[ASR]2,train,310,91
2008[Mn][dia]3[ASR]1,train,311,92
2008[Mn][dia]3[ASR]3,train,312,79
2008[Mn][dia]3[ASR]4,train,313,78
2008[Ni][ins]3[ASR]1,train,314,44
2008[Ni][nan]3[ASR]1,train,315,43
2008[Ni][tfz]3[ASR]1,train,316,129
2008[SiZn][bnn]3[ASR]1,test,317,44
2008[Y][nan]3[ASR]1,train,318,96
2008[Zn][cdq]3[ASR]1,train,319,168
2008[Zn][nan]3[ASR]1,train,320,40
2008[Zn][nan]3[ASR]10,train,321,79
2008[Zn][nan]3[ASR]11,train,322,135
2008[Zn][nan]3[ASR]13,train,323,26
2008[Zn][nan]3[ASR]23,train,324,35
2008[Zn][nan]3[ASR]5,val,325,123
2008[Zn][pcu]3[ASR]4,test,326,160
2008[Zn][tfw]3[ASR]1,val,327,79
2008[Zn][ths]3[ASR]1,train,328,132
2008[Zn][zni]3[ASR]1,test,329,35
2009[Al][nan]3[ASR]1,train,330,109
2009[Cd][bcu]3[ASR]1,train,331,128
2009[Cd][cds]3[ASR]1,train,332,47
2009[Cd][dia]3[ASR]1,test,333,45
2009[Cd][met]3[ASR]1,train,334,50
2009[Cd][nan]3[ASR]4,test,335,55
2009[Cd][nan]3[ASR]5,train,336,7
2009[Cd][nan]3[ASR]6,train,337,131
2009[Cd][pcu]3[ASR]1,train,338,120
2009[Cd][tfz]3[ASR]1,train,339,59
2009[Co][lvt]3[ASR]1,train,340,132
2009[Co][pcu]3[ASR]2,train,341,79
2009[CuTb][stp]3[ASR]1,train,342,69
2009[CuW][nan]3[ASR]1,train,343,120
2009[Cu][lcv]3[ASR]1,train,344,144
2009[Cu][pcu]3[ASR]2,train,345,20
2009[Cu][rho]3[ASR]1,train,346,134
2009[DyCu][stp]3[ASR]1,train,347,69
2009[Eu][pcu]3[ASR]1,test,348,102
2009[Eu][pcu]3[ASR]2,val,349,160
2009[Ga][bpq]3[ASR]1,val,350,131
2009[Ga][bpq]3[ASR]2,val,351,113
2009[La][nan]3[ASR]1,train,352,29
2009[La][pcu]3[ASR]1,train,353,125
2009[Mn][mog]3[ASR]1,val,354,125
2009[Mn][nan]3[ASR]2,train,355,134
2009[Mn][nan]3[ASR]8,train,356,39
2009[Ni][pcu]3[ASR]2,train,357,154
2009[Ni][tfi]3[ASR]2,val,358,105
2009[ZnSi][pcu]3[ASR]1,train,359,29
2009[Zn][ana]3[ASR]1,train,360,92
2009[Zn][dia]3[ASR]2,train,361,41
2009[Zn][nan]3[ASR]1,train,362,136
2009[Zn][nan]3[ASR]10,train,363,72
2009[Zn][nan]3[ASR]15,val,364,58
2009[Zn][nan]3[ASR]4,train,365,135
2009[Zn][pcu]3[ASR]5,train,366,26
2009[Zn][pcu]3[ASR]6,train,367,67
2009[Zn][pcu]3[ASR]7,train,368,68
2009[Zn][pcu]3[ASR]8,train,369,56
2009[Zn][sod]3[ASR]1,train,370,141
2009[Zn][sod]3[ASR]2,train,371,148
2009[Zn][sod]3[ASR]3,train,372,147
2009[Zn][sod]3[ASR]4,train,373,142
2009[Zn][sod]3[ASR]5,train,374,143
2009[Zn][sod]3[ASR]6,train,375,147
2009[Zn][sod]3[ASR]7,train,376,148
2009[Zn][sod]3[ASR]8,train,377,141
2009[Zn][zni]3[ASR]1,test,378,35
2009[Zn][zni]3[ASR]2,test,379,35
2009[Zn][zni]3[ASR]3,test,380,35
2010[Al][bpq]3[ASR]1,val,381,191
2010[Al][bpq]3[ASR]2,val,382,143
2010[Cd][cds]3[ASR]1,train,383,67
2010[Cd][dia]3[ASR]1,train,384,50
2010[Cd][dia]3[ASR]2,val,385,50
2010[Cd][dia]3[ASR]3,val,386,72
2010[Cd][dia]3[ASR]5,train,387,38
2010[Cd][fsc]3[ASR]1,val,388,81
2010[Cd][nan]3[ASR]10,train,389,66
2010[Cd][nan]3[ASR]13,test,390,97
2010[Cd][nan]3[ASR]4,train,391,171
2010[Cd][nbo]3[ASR]1,train,392,163
2010[Cd][umc]3[ASR]1,train,393,45
2010[CoLa][pcu]3[ASR]1,train,394,93
2010[CoYb][pth]3[ASR]1,train,395,87
2010[Co][nan]3[ASR]10,train,396,78
2010[Co][nan]3[ASR]2,train,397,79
2010[Co][nan]3[ASR]7,val,398,33
2010[Co][nbo]3[ASR]1,train,399,112
2010[Co][pcu]3[ASR]1,train,400,35
2010[Co][pcu]3[ASR]2,train,401,32
2010[Co][pts]3[ASR]1,test,402,44
2010[Co][pts]3[ASR]2,train,403,80
2010[Co][tfz]3[ASR]1,val,404,48
2010[Cu][fsc]3[ASR]1,train,405,39
2010[Cu][nan]3[ASR]17,train,406,111
2010[Cu][pcu]3[ASR]1,train,407,32
2010[Cu][rtl]3[ASR]1,train,408,121
2010[Cu][ths]3[ASR]1,test,409,136
2010[Dy][nan]3[ASR]1,test,410,99
2010[Er][mog]3[ASR]1,train,411,120
2010[Er][mog]3[ASR]2,val,412,77
2010[Er][nan]3[ASR]1,train,413,96
2010[Er][nan]3[ASR]2,train,414,97
2010[Eu][flu]3[ASR]1,train,415,152
2010[Eu][llj]3[ASR]1,test,416,138
2010[Eu][mog]3[ASR]1,train,417,109
2010[Fe][bpq]3[ASR]3,val,418,162
2010[Fe][nbo]3[ASR]1,val,419,190
2010[Fe][nbo]3[ASR]2,train,420,123
2010[Fe][nbo]3[ASR]3,train,421,121
2010[Ga][nan]3[ASR]1,test,422,73
2010[Gd][flu]3[ASR]1,val,423,156
2010[Gd][llj]3[ASR]1,train,424,127
2010[Mn][nan]3[ASR]4,train,425,78
2010[Mn][nan]3[ASR]5,train,426,63
2010[Mn][nan]3[ASR]6,train,427,53
2010[Mn][nan]3[ASR]7,train,428,90
2010[Mn][nan]3[ASR]8,train,429,88
2010[Mn][nan]3[ASR]9,train,430,89
2010[Mn][pcu]3[ASR]1,val,431,142
2010[Mn][pts]3[ASR]1,train,432,80
2010[Nd][flu]3[ASR]1,train,433,155
2010[Nd][nan]3[ASR]2,train,434,92
2010[Ni][nan]3[ASR]1,train,435,55
2010[Sm][flu]3[ASR]1,test,436,156
2010[Tb][llj]3[ASR]1,train,437,123
2010[Tb][nan]3[ASR]1,train,438,98
2010[Y][htp]3[ASR]1,test,439,71
2010[Yb][nan]3[ASR]1,train,440,96
2010[Yb][nan]3[ASR]2,train,441,96
2010[Zn][cds]3[ASR]1,train,442,52
2010[Zn][etb]3[ASR]1,train,443,78
2010[Zn][nan]3[ASR]1,train,444,39
2010[Zn][nan]3[ASR]15,train,445,75
2010[Zn][qtz]3[ASR]1,val,446,119
2010[Zn][srs]3[ASR]1,train,447,126
2010[Zn][tfz]3[ASR]1,val,448,43
2010[Zn][tfz]3[ASR]2,train,449,100
2010[Zr][sqc]3[ASR]1,train,450,100
2011[Cd][bcu]3[ASR]2,train,451,172
2011[Cd][dia]3[ASR]2,train,452,151
2011[Cd][dia]3[ASR]3,train,453,135
2011[Cd][dia]3[ASR]4,train,454,89
2011[Cd][dia]3[ASR]5,train,455,33
2011[Cd][nan]3[ASR]4,train,456,85
2011[Cd][nan]3[ASR]5,train,457,51
2011[Cd][nan]3[ASR]7,test,458,23
2011[Cd][pcu]3[ASR]1,train,459,86
2011[Cd][pcu]3[ASR]3,train,460,63
2011[Cd][pts]3[ASR]1,train,461,47
2011[CeCu][stp]3[ASR]1,train,462,70
2011[Ce][nan]3[ASR]2,train,463,153
2011[Co][cds]3[ASR]1,train,464,112
2011[Co][crb]3[ASR]1,train,465,159
2011[Co][dia]3[ASR]1,train,466,130
2011[Co][dia]3[ASR]2,test,467,85
2011[Co][dia]3[ASR]3,train,468,178
2011[Co][dia]3[ASR]5,train,469,162
2011[Co][fsc]3[ASR]1,test,470,175
2011[Co][hex]3[ASR]1,train,471,120
2011[Co][hex]3[ASR]2,train,472,120
2011[Co][mok]3[ASR]1,train,473,167
2011[Co][nan]3[ASR]10,train,474,128
2011[Co][nan]3[ASR]11,train,475,128
2011[Co][nan]3[ASR]14,train,476,73
2011[Co][nan]3[ASR]4,train,477,20
2011[Co][nan]3[ASR]5,train,478,67
2011[Co][nan]3[ASR]6,val,479,66
2011[Co][nan]3[ASR]7,train,480,66
2011[Co][nan]3[ASR]9,test,481,91
2011[Co][rtl]3[ASR]1,train,482,142
2011[Co][rtl]3[ASR]2,train,483,45
2011[Cr][bpq]3[ASR]2,train,484,159
2011[CuEr][stp]3[ASR]1,train,485,69
2011[CuGd][stp]3[ASR]1,train,486,70
2011[CuLa][stp]3[ASR]1,train,487,70
2011[CuLa][stp]3[ASR]2,train,488,69
2011[CuNd][stp]3[ASR]1,val,489,70
2011[CuSm][stp]3[ASR]1,val,490,69
2011[CuW][dia]3[ASR]1,val,491,55
2011[Cu][apo]3[ASR]1,test,492,158
2011[Cu][nan]3[ASR]6,train,493,7
2011[Cu][nbo]3[ASR]1,test,494,169
2011[Cu][nbo]3[ASR]2,test,495,146
2011[Cu][nbo]3[ASR]3,test,496,164
2011[Cu][rtl]3[ASR]1,train,497,140
2011[Fe][dia]3[ASR]1,train,498,158
2011[Gd][nan]3[ASR]2,train,499,100
2011[Gd][nan]3[ASR]3,train,500,90
2011[Gd][nan]3[ASR]4,train,501,92
2011[Gd][nan]3[ASR]5,train,502,104
2011[HoCu][stp]3[ASR]1,train,503,69
2011[HoCu][stp]3[ASR]2,train,504,69
2011[Mn][ant]3[ASR]1,train,505,18
2011[Mn][apo]3[ASR]1,test,506,128
2011[Mn][nan]3[ASR]2,train,507,59
2011[Mn][nan]3[ASR]3,train,508,59
2011[Mn][rtl]3[ASR]1,test,509,133
2011[Nd][nan]3[ASR]2,train,510,145
2011[Ni][dia]3[ASR]1,train,511,101
2011[Ni][fsy]3[ASR]1,train,512,124
2011[Ni][hex]3[ASR]1,train,513,115
2011[Ni][nan]3[ASR]2,train,514,58
2011[Pr][nan]3[ASR]2,train,515,47
2011[Sc][bpq]3[ASR]1,train,516,114
2011[Sc][nan]3[ASR]3,train,517,58
2011[Sc][nan]3[ASR]4,train,518,55
2011[Sc][nan]3[ASR]5,train,519,55
2011[Sc][nan]3[ASR]6,train,520,64
2011[Sc][nan]3[ASR]7,test,521,60
2011[Sc][nan]3[ASR]8,train,522,58
2011[V][bpq]3[ASR]1,test,523,103
2011[V][bpq]3[ASR]2,train,524,159
2011[V][bpq]3[ASR]3,train,525,161
2011[V][bpq]3[ASR]4,train,526,158
2011[V][bpq]3[ASR]5,train,527,161
2011[V][bpq]3[ASR]6,train,528,156
2011[V][bpq]3[ASR]7,train,529,161
2011[V][bpq]3[ASR]8,train,530,162
2011[Zn][dia]3[ASR]1,train,531,84
2011[Zn][dia]3[ASR]10,train,532,55
2011[Zn][dia]3[ASR]12,train,533,161
2011[Zn][dia]3[ASR]13,train,534,135
2011[Zn][dia]3[ASR]2,train,535,46
2011[Zn][dia]3[ASR]4,train,536,50
2011[Zn][dia]3[ASR]7,train,537,55
2011[Zn][dia]3[ASR]8,train,538,52
2011[Zn][dia]3[ASR]9,train,539,51
2011[Zn][dmp]3[ASR]2,train,540,67
2011[Zn][dmp]3[ASR]3,train,541,105
2011[Zn][flu]3[ASR]1,train,542,47
2011[Zn][nan]3[ASR]14,train,543,47
2011[Zn][nan]3[ASR]22,train,544,79
2011[Zn][nan]3[ASR]26,val,545,25
2011[Zn][nan]3[ASR]30,train,546,98
2011[Zn][nan]3[ASR]33,train,547,67
2011[Zn][pcu]3[ASR]19,train,548,137
2011[Zn][pcu]3[ASR]2,train,549,38
2011[Zn][pcu]3[ASR]22,train,550,21
2011[Zn][rob]3[ASR]1,train,551,55
2011[Zn][rob]3[ASR]2,train,552,57
2011[Zn][sod]3[ASR]1,train,553,139
2011[Zn][sod]3[ASR]2,train,554,136
2011[Zn][sod]3[ASR]3,train,555,139
2011[Zn][sod]3[ASR]4,train,556,138
2011[Zn][uni]3[ASR]1,test,557,145
2011[Zn][uni]3[ASR]2,train,558,140
2011[Zn][uni]3[ASR]3,train,559,146
2011[Zn][uni]3[ASR]4,train,560,140
2011[Zn][uni]3[ASR]5,train,561,143
2011[Zn][uni]3[ASR]6,train,562,145
2012[Al][nan]3[ASR]1,train,563,26
2012[Cd][dia]3[ASR]1,val,564,36
2012[Cd][dia]3[ASR]2,train,565,36
2012[Cd][dia]3[ASR]3,train,566,35
2012[Cd][dia]3[ASR]4,train,567,99
2012[Cd][etb]3[ASR]1,train,568,179
2012[Cd][nan]3[ASR]3,train,569,77
2012[Cd][nan]3[ASR]6,train,570,27
2012[Cd][nan]3[ASR]7,train,571,53
2012[Cd][pcu]3[ASR]3,train,572,27
2012[Cd][pcu]3[ASR]4,train,573,93
2012[Cd][uni]3[ASR]1,val,574,65
2012[Co][dia]3[ASR]2,train,575,60
2012[Co][dia]3[ASR]5,train,576,114
2012[Co][dia]3[ASR]7,train,577,51
2012[Co][ecu]3[ASR]1,train,578,107
2012[Co][ecu]3[ASR]2,train,579,103
2012[Co][ecu]3[ASR]3,train,580,100
2012[Co][ecu]3[ASR]4,train,581,103
2012[Co][ecu]3[ASR]5,train,582,105
2012[Co][ecu]3[ASR]6,train,583,100
2012[Co][ecu]3[ASR]7,train,584,108
2012[Co][ecu]3[ASR]8,train,585,109
2012[Co][fsc]3[ASR]1,train,586,97
2012[Co][hms]3[ASR]1,val,587,101
2012[Co][ins]3[ASR]1,train,588,58
2012[Co][nan]3[ASR]1,train,589,72
2012[Co][nan]3[ASR]11,train,590,82
2012[Co][nan]3[ASR]4,train,591,167
2012[Co][nan]3[ASR]5,train,592,51
2012[Co][pcb]3[ASR]1,train,593,85
2012[Co][pcu]3[ASR]2,train,594,92
2012[Co][pcu]3[ASR]3,train,595,169
2012[Co][pcu]3[ASR]4,train,596,38
2012[Co][pcu]3[ASR]5,train,597,13
2012[Co][pcu]3[ASR]6,train,598,102
2012[Co][pcu]3[ASR]7,train,599,65
2012[Co][pcu]3[ASR]8,train,600,65
2012[Co][pcu]3[ASR]9,train,601,37
2012[Co][rho]3[ASR]1,train,602,117
2012[Co][rtl]3[ASR]1,train,603,52
2012[Co][rtl]3[ASR]2,train,604,46
2012[Co][sqp]3[ASR]1,train,605,36
2012[Co][sqp]3[ASR]2,train,606,38
2012[CuLa][stp]3[ASR]1,train,607,13
2012[CuNb][pcu]3[ASR]1,train,608,59
2012[CuV][pcu]3[ASR]1,train,609,59
2012[CuW][dia]3[ASR]1,val,610,49
2012[Cu][apo]3[ASR]1,train,611,153
2012[Cu][apo]3[ASR]2,train,612,116
2012[Cu][met]3[ASR]1,train,613,61
2012[Cu][pcu]3[ASR]5,train,614,145
2012[Cu][pts]3[ASR]1,train,615,69
2012[Cu][rob]3[ASR]1,train,616,72
2012[Cu][rob]3[ASR]2,train,617,86
2012[Cu][rtl]3[ASR]1,train,618,102
2012[Cu][rtl]3[ASR]2,train,619,113
2012[Cu][unc]3[ASR]1,val,620,52
2012[Cu][unc]3[ASR]10,val,621,52
2012[Cu][unc]3[ASR]11,train,622,52
2012[Cu][unc]3[ASR]2,test,623,52
2012[Cu][unc]3[ASR]3,train,624,52
2012[Cu][unc]3[ASR]4,train,625,52
2012[Cu][unc]3[ASR]5,train,626,52
2012[Cu][unc]3[ASR]6,val,627,52
2012[Cu][unc]3[ASR]7,train,628,52
2012[Cu][unc]3[ASR]8,train,629,52
2012[Cu][unc]3[ASR]9,train,630,52
2012[Eu][nan]3[ASR]1,train,631,134
2012[Eu][pcu]3[ASR]1,train,632,105
2012[Fe][bpq]3[ASR]1,val,633,161
2012[In][bpq]3[ASR]1,train,634,39
2012[In][sqc]3[ASR]2,test,635,66
2012[La][nan]3[ASR]1,train,636,149
2012[Lu][nan]3[ASR]2,train,637,94
2012[Mn][dia]3[ASR]1,train,638,108
2012[Mn][llj]3[ASR]1,train,639,14
2012[Mn][nan]3[ASR]3,train,640,155
2012[Mn][pcu]3[ASR]1,train,641,26
2012[Mn][pcu]3[ASR]2,train,642,41
2012[Mn][pcu]3[ASR]3,train,643,26
2012[Ni][bcu]3[ASR]1,train,644,58
2012[Ni][dia]3[ASR]1,train,645,105
2012[Ni][dia]3[ASR]2,test,646,98
2012[Ni][ins]3[ASR]1,train,647,58
2012[Ni][nan]3[ASR]1,train,648,73
2012[Ni][nan]3[ASR]4,train,649,83
2012[Ni][rtl]3[ASR]1,train,650,155
2012[Ni][rtl]3[ASR]2,train,651,159
2012[PrCu][stp]3[ASR]1,train,652,13
2012[Sm][nan]3[ASR]3,train,653,52
2012[Tb][nan]3[ASR]2,train,654,133
2012[Tb][pcu]3[ASR]1,train,655,105
2012[Tm][mog]3[ASR]1,test,656,137
2012[Zn][ant]3[ASR]2,train,657,104
2012[Zn][dia]3[ASR]3,train,658,22
2012[Zn][dmp]3[ASR]1,train,660,105
2012[Zn][dmp]3[ASR]2,train,661,118
2012[Zn][dmp]3[ASR]3,train,662,116
2012[Zn][etb]3[ASR]1,train,663,73
2012[Zn][etb]3[ASR]2,train,664,78
2012[Zn][hex]3[ASR]1,val,665,122
2012[Zn][jph]3[ASR]1,train,666,79
2012[Zn][nan]3[ASR]10,test,667,129
2012[Zn][nan]3[ASR]2,test,668,129
2012[Zn][nan]3[ASR]28,train,669,51
2012[Zn][nbo]3[ASR]3,train,670,168
2012[Zn][nia]3[ASR]1,train,671,123
2012[Zn][nod]3[ASR]1,train,672,90
2012[Zn][npo]3[ASR]1,train,673,158
2012[Zn][rob]3[ASR]1,train,674,54
2012[Zn][sod]3[ASR]1,train,675,131
2012[Zn][sod]3[ASR]10,train,676,167
2012[Zn][sod]3[ASR]12,train,677,168
2012[Zn][sod]3[ASR]13,train,678,143
2012[Zn][sod]3[ASR]2,train,679,134
2012[Zn][sod]3[ASR]3,train,680,139
2012[Zn][sod]3[ASR]4,train,681,135
2012[Zn][sod]3[ASR]6,train,682,144
2012[Zn][sod]3[ASR]7,train,683,143
2012[Zn][sod]3[ASR]8,train,684,143
2012[Zn][sod]3[ASR]9,train,685,167
2013[CdSi][bcu]3[ASR]1,train,686,82
2013[CdSi][pcu]3[ASR]1,train,687,43
2013[CdSi][pcu]3[ASR]2,train,688,103
2013[Cd][bnn]3[ASR]1,train,689,79
2013[Cd][crs]3[ASR]1,train,690,88
2013[Cd][dia]3[ASR]1,val,691,26
2013[Cd][dia]3[ASR]2,train,692,38
2013[Cd][dia]3[ASR]4,train,693,85
2013[Cd][jus]3[ASR]1,val,694,16
2013[Cd][nan]3[ASR]18,train,695,43
2013[Cd][nan]3[ASR]19,train,696,48
2013[Cd][pcu]3[ASR]1,test,697,62
2013[Cd][pcu]3[ASR]4,train,698,163
2013[Cd][rtl]3[ASR]1,test,699,52
2013[Cd][rtl]3[ASR]3,train,700,97
2013[Ce][nan]3[ASR]2,train,701,82
2013[Ce][nan]3[ASR]3,test,702,136
2013[Ce][nan]3[ASR]4,train,703,25
2013[Ce][nan]3[ASR]5,train,704,38
2013[Ce][nan]3[ASR]6,train,705,25
2013[Ce][nan]3[ASR]7,train,706,31
2013[CoEu][nan]3[ASR]1,test,707,158
2013[CoGd][nan]3[ASR]1,train,708,157
2013[CoTb][nan]3[ASR]1,train,709,152
2013[Co][cdl]3[ASR]1,test,710,39
2013[Co][dia]3[ASR]1,train,711,63
2013[Co][dia]3[ASR]2,train,712,98
2013[Co][dia]3[ASR]3,train,713,97
2013[Co][dia]3[ASR]4,train,714,97
2013[Co][dia]3[ASR]5,train,715,99
2013[Co][dia]3[ASR]6,train,716,34
2013[Co][dia]3[ASR]7,train,717,97
2013[Co][fet]3[ASR]1,train,718,20
2013[Co][ins]3[ASR]1,train,719,45
2013[Co][ins]3[ASR]2,train,720,28
2013[Co][lvt]3[ASR]1,train,721,135
2013[Co][mab]3[ASR]1,train,722,13
2013[Co][nan]3[ASR]12,train,723,125
2013[Co][nan]3[ASR]14,train,724,137
2013[Co][nan]3[ASR]15,train,725,69
2013[Co][nan]3[ASR]16,train,726,64
2013[Co][nan]3[ASR]17,train,727,63
2013[Co][nan]3[ASR]2,val,728,167
2013[Co][nan]3[ASR]20,val,729,40
2013[Co][nan]3[ASR]6,val,730,75
2013[Co][pcu]3[ASR]2,train,731,37
2013[Co][pcu]3[ASR]4,test,732,140
2013[Co][sqc]3[ASR]1,train,733,47
2013[Co][sqc]3[ASR]2,train,734,55
2013[Co][sra]3[ASR]1,train,735,135
2013[Co][tfz]3[ASR]1,test,736,53
2013[Cu][cds]3[ASR]1,test,737,104
2013[Cu][gra]3[ASR]1,train,738,72
2013[Cu][nbo]3[ASR]1,train,739,34
2013[Cu][pcu]3[ASR]1,train,740,43
2013[Cu][pcu]3[ASR]3,train,741,86
2013[Cu][pcu]3[ASR]4,train,742,79
2013[Cu][pcu]3[ASR]5,train,743,71
2013[Cu][pcu]3[ASR]6,train,744,59
2013[Cu][pcu]3[ASR]7,train,745,58
2013[Cu][pcu]3[ASR]8,train,746,46
2013[Cu][ths]3[ASR]1,train,747,33
2013[Dy][nan]3[ASR]1,test,748,90
2013[Dy][nan]3[ASR]4,val,749,54
2013[Er][mog]3[ASR]1,train,750,122
2013[Er][mog]3[ASR]2,train,751,78
2013[Eu][nan]3[ASR]10,train,752,62
2013[Ga][bpq]3[ASR]1,val,753,10
2013[Gd][nan]3[ASR]3,test,754,46
2013[Ho][nan]3[ASR]1,train,755,53
2013[La][nan]3[ASR]1,train,756,61
2013[La][nan]3[ASR]5,train,757,139
2013[Mg][rtl]3[ASR]1,test,758,50
2013[Mn][ant]3[ASR]1,train,759,101
2013[Mn][ant]3[ASR]2,train,760,106
2013[Mn][ant]3[ASR]3,train,761,30
2013[Mn][ant]3[ASR]4,train,762,26
2013[Mn][ant]3[ASR]5,train,763,26
2013[Mn][ant]3[ASR]6,train,764,26
2013[Mn][nan]3[ASR]4,train,765,45
2013[Mn][nan]3[ASR]5,train,766,59
2013[Mn][pcu]3[ASR]1,train,767,106
2013[Mn][pcu]3[ASR]2,train,768,105
2013[Mn][pcu]3[ASR]3,train,769,104
2013[Mn][sql]3[ASR]1,test,770,26
2013[Mn][sur]3[ASR]1,val,771,165
2013[Nd][nan]3[ASR]5,train,772,66
2013[Ni][cds]3[ASR]1,train,773,140
2013[Ni][dia]3[ASR]1,train,774,141
2013[Ni][dia]3[ASR]3,train,775,59
2013[Ni][hms]3[ASR]1,train,776,119
2013[Ni][ins]3[ASR]1,val,777,38
2013[Ni][nan]3[ASR]10,train,778,76
2013[Ni][nan]3[ASR]12,train,779,27
2013[Ni][nan]3[ASR]7,test,780,93
2013[Ni][nan]3[ASR]8,train,781,100
2013[Ni][nan]3[ASR]9,train,782,82
2013[Ni][noz]3[ASR]1,val,783,35
2013[Ni][sit]3[ASR]1,train,784,118
2013[Ni][sit]3[ASR]2,test,785,116
2013[Ni][sit]3[ASR]3,train,786,115
2013[Ni][sit]3[ASR]4,val,787,116
2013[Ni][sit]3[ASR]5,val,788,114
2013[Ni][xmz]3[ASR]6,train,789,37
2013[Ni][xmz]3[ASR]7,train,790,41
2013[Tb][nan]3[ASR]5,train,791,54
2013[Tb][tcs]3[ASR]1,train,792,153
2013[Zn][bbf]3[ASR]2,train,793,104
2013[Zn][crb]3[ASR]1,val,794,87
2013[Zn][crb]3[ASR]2,train,795,43
2013[Zn][crb]3[ASR]3,val,796,43
2013[Zn][crb]3[ASR]4,train,797,52
2013[Zn][crb]3[ASR]5,train,798,53
2013[Zn][crb]3[ASR]6,val,799,111
2013[Zn][dia]3[ASR]1,train,800,53
2013[Zn][dia]3[ASR]12,val,801,51
2013[Zn][dia]3[ASR]15,train,802,138
2013[Zn][dia]3[ASR]2,val,803,73
2013[Zn][dia]3[ASR]4,train,804,85
2013[Zn][dia]3[ASR]5,train,805,83
2013[Zn][dia]3[ASR]7,train,806,79
2013[Zn][dia]3[ASR]8,train,807,78
2013[Zn][dmp]3[ASR]1,train,808,106
2013[Zn][fsc]3[ASR]2,train,809,78
2013[Zn][gis]3[ASR]1,train,810,43
2013[Zn][lon]3[ASR]1,train,811,83
2013[Zn][lon]3[ASR]3,val,812,70
2013[Zn][lon]3[ASR]4,val,813,74
2013[Zn][nan]3[ASR]14,train,814,72
2013[Zn][nan]3[ASR]15,test,815,93
2013[Zn][nan]3[ASR]16,train,816,73
2013[Zn][nan]3[ASR]26,train,817,70
2013[Zn][nan]3[ASR]29,train,818,66
2013[Zn][nan]3[ASR]33,train,819,99
2013[Zn][nan]3[ASR]34,train,820,71
2013[Zn][pcu]3[ASR]8,test,821,53
2013[Zn][sit]3[ASR]1,train,822,126
2013[Zn][sod]3[ASR]1,train,823,52
2013[Zn][sod]3[ASR]2,train,824,148
2013[Zn][unc]3[ASR]1,train,825,57
2013[Zn][uni]3[ASR]3,train,826,148
2013[Zn][uni]3[ASR]4,train,827,143
2013[Zn][uni]3[ASR]7,train,828,146
2013[Zn][uni]3[ASR]8,train,829,143
2014[Al][bpq]3[ASR]5,val,830,18
2014[Al][nan]3[ASR]5,train,831,180
2014[Al][nan]3[ASR]7,train,832,205
2014[Cd][bbf]3[ASR]1,train,833,79
2014[Cd][bcu]3[ASR]1,train,834,117
2014[Cd][crs]3[ASR]1,train,835,104
2014[Cd][dia]3[ASR]4,train,836,172
2014[Cd][dia]3[ASR]5,train,837,50
2014[Cd][esg]3[ASR]1,val,838,47
2014[Cd][esg]3[ASR]2,val,839,41
2014[Cd][esg]3[ASR]3,val,840,34
2014[Cd][nan]3[ASR]11,train,841,43
2014[Cd][nan]3[ASR]13,train,842,34
2014[Cd][nan]3[ASR]14,train,843,59
2014[Cd][nan]3[ASR]2,train,844,22
2014[Cd][nan]3[ASR]4,test,845,26
2014[Cd][pcu]3[ASR]1,train,846,166
2014[Cd][pts]3[ASR]1,test,847,27
2014[Cd][pts]3[ASR]2,train,848,9
2014[Cd][rtl]3[ASR]2,train,849,122
2014[Cd][rtl]3[ASR]3,test,850,53
2014[Cd][svg]3[ASR]1,train,851,50
2014[Cd][svg]3[ASR]2,train,852,50
2014[Ce][fit]3[ASR]1,train,853,83
2014[Ce][fit]3[ASR]2,test,854,68
2014[Co][acs]3[ASR]1,train,855,48
2014[Co][bpq]3[ASR]1,train,856,16
2014[Co][dia]3[ASR]1,train,857,51
2014[Co][dia]3[ASR]2,train,858,73
2014[Co][dia]3[ASR]3,train,859,122
2014[Co][dia]3[ASR]4,train,860,97
2014[Co][dia]3[ASR]6,train,861,24
2014[Co][dmc]3[ASR]1,train,862,154
2014[Co][dmc]3[ASR]2,train,863,152
2014[Co][etb]3[ASR]1,train,864,74
2014[Co][fsc]3[ASR]1,val,865,99
2014[Co][fsc]3[ASR]2,train,866,109
2014[Co][fsc]3[ASR]3,train,867,167
2014[Co][hex]3[ASR]1,train,868,175
2014[Co][hms]3[ASR]1,train,869,130
2014[Co][hms]3[ASR]2,test,870,51
2014[Co][ins]3[ASR]1,val,871,39
2014[Co][mmm]3[ASR]1,train,872,35
2014[Co][nan]3[ASR]1,val,873,37
2014[Co][nan]3[ASR]10,train,874,157
2014[Co][nan]3[ASR]12,val,875,35
2014[Co][nan]3[ASR]13,train,876,98
2014[Co][nan]3[ASR]14,test,877,157
2014[Co][nan]3[ASR]29,val,878,64
2014[Co][nan]3[ASR]30,train,879,87
2014[Co][nan]3[ASR]31,train,880,117
2014[Co][nan]3[ASR]32,train,881,39
2014[Co][nan]3[ASR]37,train,882,76
2014[Co][nan]3[ASR]38,val,883,70
2014[Co][nan]3[ASR]9,test,884,126
2014[Co][npo]3[ASR]1,train,885,154
2014[Co][pcu]3[ASR]1,train,886,54
2014[Co][pcu]3[ASR]2,train,887,154
2014[Co][pcu]3[ASR]4,val,888,22
2014[Co][pcu]3[ASR]5,train,889,55
2014[Co][rtl]3[ASR]1,train,890,164
2014[CuLu][nan]3[ASR]1,train,891,34
2014[CuSi][pcu]3[ASR]1,train,892,29
2014[CuTm][nan]3[ASR]1,val,893,33
2014[Cu][hms]3[ASR]1,train,894,130
2014[Cu][nbo]3[ASR]3,train,895,100
2014[Cu][pcu]3[ASR]3,train,896,51
2014[Cu][pcu]3[ASR]5,val,897,102
2014[Cu][pcu]3[ASR]6,train,898,68
2014[Cu][srs]3[ASR]1,val,899,65
2014[DyZn][nan]3[ASR]1,train,900,73
2014[Er][dmc]3[ASR]1,train,901,148
2014[Eu][dmc]3[ASR]1,train,902,153
2014[Eu][nan]3[ASR]1,train,903,26
2014[Eu][nan]3[ASR]2,train,904,46
2014[Eu][nan]3[ASR]4,train,905,42
2014[Fe][nan]3[ASR]5,train,906,20
2014[La][nan]3[ASR]3,val,907,158
2014[Mg][ant]3[ASR]1,train,908,29
2014[Mg][nan]3[ASR]1,test,909,77
2014[Mg][nan]3[ASR]2,train,910,67
2014[Mg][nan]3[ASR]3,train,911,74
2014[Mg][nan]3[ASR]4,train,912,71
2014[Mg][nan]3[ASR]5,train,913,61
2014[Mg][nan]3[ASR]6,train,914,58
2014[Mg][nan]3[ASR]7,val,915,60
2014[Mg][rtl]3[ASR]1,val,916,49
2014[Mn][dia]3[ASR]1,train,917,94
2014[Mn][pcu]3[ASR]3,train,918,78
2014[Mn][rtl]3[ASR]1,val,919,48
2014[Mn][tfz]3[ASR]1,train,920,67
2014[Nd][fit]3[ASR]1,train,921,59
2014[Nd][fit]3[ASR]2,train,922,84
2014[Ni][gra]3[ASR]1,train,923,116
2014[Ni][gra]3[ASR]2,train,924,115
2014[Ni][nan]3[ASR]1,train,925,120
2014[Ni][nan]3[ASR]6,train,926,113
2014[Ni][pcu]3[ASR]1,train,927,53
2014[Pr][dmc]3[ASR]1,train,928,151
2014[Tb][dmc]3[ASR]1,train,929,148
2014[Tb][nan]3[ASR]2,train,930,58
2014[Y][nan]3[ASR]1,train,931,34
2014[Y][nan]3[ASR]2,train,932,32
2014[ZnCr][pcu]3[ASR]1,train,933,81
2014[ZnEu][nan]3[ASR]1,train,934,70
2014[ZnGd][nan]3[ASR]1,train,935,71
2014[Zn][bnn]3[ASR]1,train,936,75
2014[Zn][dia]3[ASR]13,train,937,58
2014[Zn][dia]3[ASR]14,train,938,90
2014[Zn][dia]3[ASR]15,train,939,86
2014[Zn][dia]3[ASR]6,train,940,26
2014[Zn][dia]3[ASR]7,train,941,162
2014[Zn][dia]3[ASR]9,train,942,140
2014[Zn][dmc]3[ASR]1,val,943,120
2014[Zn][dmc]3[ASR]2,train,944,79
2014[Zn][etf]3[ASR]1,train,945,176
2014[Zn][hms]3[ASR]1,test,946,155
2014[Zn][nan]3[ASR]23,val,947,139
2014[Zn][nan]3[ASR]37,test,948,107
2014[Zn][nan]3[ASR]8,test,949,68
2014[Zn][pcu]3[ASR]18,train,950,65
2014[Zn][pcu]3[ASR]24,train,951,90
2014[Zn][pcu]3[ASR]9,train,952,159
2014[Zn][sod]3[ASR]1,train,953,69
2014[Zn][sod]3[ASR]2,train,954,62
2014[Zn][sod]3[ASR]3,train,955,67
2014[Zn][unc]3[ASR]1,train,956,59
2014[Zn][unj]3[ASR]1,train,957,148
2014[Zr][fcu]3[ASR]3,train,958,59
2015[Al][bpq]3[ASR]1,train,959,114
2015[Al][nan]3[ASR]1,train,960,87
2015[Cd][bcu]3[ASR]1,train,961,55
2015[Cd][bcu]3[ASR]2,train,962,127
2015[Cd][bcu]3[ASR]3,train,963,130
2015[Cd][bcu]3[ASR]4,train,964,72
2015[Cd][crb]3[ASR]1,train,965,181
2015[Cd][dia]3[ASR]2,val,966,98
2015[Cd][dia]3[ASR]3,val,967,89
2015[Cd][dia]3[ASR]4,val,968,99
2015[Cd][dia]3[ASR]5,val,969,35
2015[Cd][dia]3[ASR]7,train,970,59
2015[Cd][nan]3[ASR]21,train,971,87
2015[Cd][nan]3[ASR]22,train,972,38
2015[Cd][nan]3[ASR]24,train,973,74
2015[Cd][nan]3[ASR]26,test,974,82
2015[Cd][nan]3[ASR]29,test,975,124
2015[Cd][nan]3[ASR]6,train,976,112
2015[Cd][nan]3[ASR]8,train,977,41
2015[Cd][pcu]3[ASR]1,train,978,84
2015[Cd][pcu]3[ASR]3,test,979,107
2015[Cd][pcu]3[ASR]4,val,980,126
2015[Cd][pcu]3[ASR]7,train,981,81
2015[Cd][pts]3[ASR]2,train,982,60
2015[Cd][tcs]3[ASR]1,train,983,54
2015[Cd][ths]3[ASR]1,train,984,63
2015[Ce][crs]3[ASR]1,train,985,113
2015[Co][crb]3[ASR]1,train,986,129
2015[Co][crb]3[ASR]2,test,987,133
2015[Co][dia]3[ASR]2,train,988,34
2015[Co][dia]3[ASR]3,train,989,36
2015[Co][dia]3[ASR]4,train,990,91
2015[Co][fsc]3[ASR]1,train,991,27
2015[Co][fsg]3[ASR]1,train,992,55
2015[Co][nan]3[ASR]12,val,993,90
2015[Co][nan]3[ASR]15,train,994,53
2015[Co][nan]3[ASR]18,train,995,164
2015[Co][nan]3[ASR]3,test,996,53
2015[Co][nan]3[ASR]7,train,997,91
2015[Co][nbo]3[ASR]1,train,998,123
2015[Co][pcu]3[ASR]2,train,999,22
2015[Co][pcu]3[ASR]3,val,1000,100
2015[Co][pts]3[ASR]2,test,1001,124
2015[Co][rtl]3[ASR]1,train,1002,82
2015[Co][sit]3[ASR]1,train,1003,120
2015[Co][sod]3[ASR]1,train,1004,66
2015[Co][sod]3[ASR]2,train,1005,60
2015[Co][sql]2[ASR]1,train,1006,109
2015[Co][sxb]3[ASR]1,train,1007,96
2015[CrMn][nod]3[ASR]1,train,1008,163
2015[CrMn][nod]3[ASR]2,train,1009,162
2015[Cu][crb]3[ASR]2,train,1010,123
2015[Cu][crb]3[ASR]3,train,1011,135
2015[Cu][rob]3[ASR]1,train,1012,57
2015[Cu][rtl]3[ASR]1,train,1013,125
2015[Cu][rtl]3[ASR]2,train,1014,111
2015[Cu][rtl]3[ASR]3,train,1015,117
2015[Cu][rtl]3[ASR]4,train,1016,163
2015[Cu][rtl]3[ASR]5,train,1017,119
2015[Cu][sql]2[ASR]1,train,1018,93
2015[Dy][nan]3[ASR]3,train,1019,98
2015[Eu][nan]3[ASR]5,train,1020,52
2015[Eu][nan]3[ASR]6,train,1021,27
2015[Fe][pts]3[ASR]1,train,1022,94
2015[Fe][pts]3[ASR]2,val,1023,145
2015[Fe][pts]3[ASR]3,train,1024,162
2015[La][nan]3[ASR]3,train,1025,155
2015[La][nan]3[ASR]8,train,1026,158
2015[La][nan]3[ASR]9,train,1027,152
2015[Mg][dia]3[ASR]2,train,1028,84
2015[Mg][dia]3[ASR]3,train,1029,92
2015[Mg][nan]3[ASR]10,train,1030,65
2015[Mg][nan]3[ASR]4,train,1031,74
2015[Mg][nan]3[ASR]5,val,1032,140
2015[Mg][nan]3[ASR]6,val,1033,63
2015[Mg][nan]3[ASR]7,train,1034,63
2015[Mg][nan]3[ASR]8,train,1035,68
2015[Mg][nan]3[ASR]9,train,1036,64
2015[Mn][bnn]3[ASR]1,train,1037,49
2015[Mn][dia]3[ASR]1,train,1038,111
2015[Mn][nan]3[ASR]13,train,1039,77
2015[Mn][sql]2[ASR]1,train,1040,91
2015[Mn][tcs]3[ASR]1,train,1041,45
2015[Mn][ths]3[ASR]1,train,1042,37
2015[Nd][nan]3[ASR]2,train,1043,175
2015[Nd][pcu]3[ASR]1,train,1044,149
2015[Ni][bpq]3[ASR]1,train,1045,15
2015[Ni][dia]3[ASR]1,train,1046,106
2015[Ni][dia]3[ASR]2,train,1047,133
2015[Ni][dia]3[ASR]4,train,1048,27
2015[Ni][frl]3[ASR]1,val,1049,98
2015[Ni][nan]2[ASR]1,val,1050,69
2015[Ni][sit]3[ASR]1,train,1051,119
2015[Ni][sni]3[ASR]1,train,1052,25
2015[Sc][nan]3[ASR]4,train,1053,83
2015[Tb][nan]3[ASR]10,val,1054,139
2015[Tb][nan]3[ASR]13,train,1055,89
2015[Tb][nan]3[ASR]2,train,1056,27
2015[Th][nan]3[ASR]2,train,1057,59
2015[Th][nan]3[ASR]3,train,1058,59
2015[Th][nan]3[ASR]4,train,1059,59
2015[V][bpq]3[ASR]2,train,1060,155
2015[V][bpq]3[ASR]3,train,1061,164
2015[Zn][ant]3[ASR]1,train,1062,171
2015[Zn][bnn]3[ASR]1,train,1063,37
2015[Zn][crb]3[ASR]1,train,1064,134
2015[Zn][crb]3[ASR]2,train,1065,139
2015[Zn][crb]3[ASR]3,train,1066,127
2015[Zn][dia]3[ASR]1,train,1067,114
2015[Zn][dia]3[ASR]2,train,1068,57
2015[Zn][dia]3[ASR]3,train,1069,35
2015[Zn][dia]3[ASR]4,test,1070,35
2015[Zn][dia]3[ASR]5,train,1071,162
2015[Zn][dia]3[ASR]8,train,1072,57
2015[Zn][dmc]3[ASR]1,train,1073,118
2015[Zn][eta]3[ASR]1,train,1074,60
2015[Zn][eta]3[ASR]2,train,1075,61
2015[Zn][gis]3[ASR]1,train,1076,32
2015[Zn][nan]3[ASR]20,val,1077,54
2015[Zn][nan]3[ASR]28,train,1078,168
2015[Zn][nan]3[ASR]40,val,1079,142
2015[Zn][nan]3[ASR]43,train,1080,165
2015[Zn][nan]3[ASR]5,train,1081,144
2015[Zn][pcu]3[ASR]10,train,1082,166
2015[Zn][pcu]3[ASR]17,train,1083,149
2015[Zn][pcu]3[ASR]4,train,1084,159
2015[Zn][pts]3[ASR]1,train,1085,60
2015[Zn][pts]3[ASR]2,train,1086,138
2015[Zn][qtz]3[ASR]1,train,1087,94
2015[Zn][qtz]3[ASR]2,val,1088,118
2015[Zn][sod]3[ASR]1,train,1089,135
2015[Zn][sod]3[ASR]2,train,1090,135
2015[Zn][sqc]3[ASR]1,train,1091,99
2015[Zn][tcs]3[ASR]1,train,1092,58
2015[Zn][tcs]3[ASR]2,train,1093,55
2015[Zr][fcu]3[ASR]1,train,1094,124
2016[Ag][lvt]3[ASR]1,train,1095,77
2016[Ag][nan]3[ASR]1,val,1096,45
2016[Ag][nan]3[ASR]2,test,1097,47
2016[Cd][bcu]3[ASR]1,train,1098,105
2016[Cd][cds]3[ASR]1,test,1099,41
2016[Cd][dia]3[ASR]1,train,1100,52
2016[Cd][dia]3[ASR]3,train,1101,94
2016[Cd][dia]3[ASR]4,train,1102,100
2016[Cd][dia]3[ASR]5,train,1103,127
2016[Cd][dia]3[ASR]6,train,1104,84
2016[Cd][etb]3[ASR]1,train,1105,103
2016[Cd][ftb]3[ASR]1,train,1106,43
2016[Cd][kgd]2[ASR]1,test,1107,97
2016[Cd][nan]2[ASR]2,train,1108,64
2016[Cd][nan]2[ASR]3,train,1109,56
2016[Cd][nan]2[ASR]4,train,1110,114
2016[Cd][nan]3[ASR]10,train,1111,74
2016[Cd][nan]3[ASR]11,test,1112,68
2016[Cd][nan]3[ASR]12,val,1113,82
2016[Cd][nan]3[ASR]14,train,1114,63
2016[Cd][nan]3[ASR]16,train,1115,47
2016[Cd][nan]3[ASR]21,train,1116,33
2016[Cd][nan]3[ASR]24,train,1117,71
2016[Cd][nan]3[ASR]26,train,1118,69
2016[Cd][nan]3[ASR]27,train,1119,71
2016[Cd][nan]3[ASR]3,train,1120,67
2016[Cd][nan]3[ASR]32,train,1121,154
2016[Cd][nan]3[ASR]8,train,1122,67
2016[Cd][nan]3[ASR]9,train,1123,27
2016[Cd][pcu]3[ASR]1,train,1124,26
2016[Cd][pcu]3[ASR]2,train,1125,97
2016[Cd][rho]3[ASR]1,train,1126,118
2016[Cd][rtl]3[ASR]2,train,1127,69
2016[Co][cds]3[ASR]1,val,1128,19
2016[Co][dia]3[ASR]1,val,1129,35
2016[Co][nan]2[ASR]1,train,1130,79
2016[Co][nan]3[ASR]10,val,1131,76
2016[Co][nan]3[ASR]14,train,1132,134
2016[Co][nan]3[ASR]18,val,1133,71
2016[Co][nan]3[ASR]22,train,1134,143
2016[Co][nan]3[ASR]23,val,1135,55
2016[Co][nan]3[ASR]29,train,1136,98
2016[Co][nan]3[ASR]33,train,1137,81
2016[Co][nan]3[ASR]34,train,1138,57
2016[Co][nan]3[ASR]4,train,1139,156
2016[Co][nan]3[ASR]5,test,1140,69
2016[Co][nan]3[ASR]6,train,1141,68
2016[Co][nan]3[ASR]7,val,1142,69
2016[Co][nan]3[ASR]8,train,1143,69
2016[Co][pcu]3[ASR]3,test,1144,38
2016[Co][pcu]3[ASR]4,train,1145,56
2016[Co][pcu]3[ASR]5,train,1146,57
2016[Co][pts]3[ASR]2,train,1147,59
2016[Co][pts]3[ASR]5,train,1148,59
2016[Co][rtl]3[ASR]1,train,1149,112
2016[Co][sql]2[ASR]3,test,1150,82
2016[Co][sql]2[ASR]32,train,1151,26
2016[Co][sql]2[ASR]4,test,1152,21
2016[CuV][pcu]3[ASR]1,train,1153,59
2016[Cu][apo]3[ASR]1,train,1154,121
2016[Cu][apo]3[ASR]2,train,1155,72
2016[Cu][apo]3[ASR]3,train,1156,70
2016[Cu][dia]2[ASR]1,train,1157,82
2016[Cu][pcu]3[ASR]1,train,1158,66
2016[Cu][pyr]3[ASR]1,train,1159,76
2016[Cu][rob]3[ASR]1,val,1160,40
2016[Cu][rtl]3[ASR]1,train,1161,114
2016[Cu][rtl]3[ASR]2,train,1162,79
2016[Cu][sql]2[ASR]1,val,1163,61
2016[Cu][ths]3[ASR]1,train,1164,140
2016[Dy][dia]3[ASR]1,train,1165,98
2016[Dy][pcu]3[ASR]1,test,1166,105
2016[Dy][pcu]3[ASR]2,val,1167,105
2016[Dy][pcu]3[ASR]3,train,1168,99
2016[Dy][pcu]3[ASR]4,train,1169,105
2016[Er][ant]3[ASR]1,train,1170,29
2016[Eu][ant]3[ASR]1,train,1171,29
2016[Eu][dia]3[ASR]1,val,1172,101
2016[Eu][sqc]3[ASR]1,train,1173,54
2016[Ga][nan]3[ASR]1,train,1174,196
2016[Ga][nan]3[ASR]3,train,1175,191
2016[Gd][dia]3[ASR]1,train,1176,103
2016[Ho][nan]3[ASR]1,train,1177,98
2016[In][bpq]3[ASR]1,train,1178,162
2016[In][bpq]3[ASR]2,train,1179,102
2016[La][nan]3[ASR]4,train,1180,60
2016[Mg][bpq]3[ASR]1,train,1181,103
2016[Mg][nan]3[ASR]1,train,1182,61
2016[Mg][nan]3[ASR]2,train,1183,63
2016[Mg][nan]3[ASR]3,train,1184,76
2016[Mg][nan]3[ASR]4,val,1185,71
2016[Mn][acs]3[ASR]1,train,1186,62
2016[Mn][flu]3[ASR]1,train,1187,85
2016[Mn][rtl]3[ASR]1,val,1188,69
2016[Mn][rtl]3[ASR]2,train,1189,93
2016[Mn][rtl]3[ASR]3,val,1190,50
2016[NiNb][pcu]3[ASR]1,train,1191,59
2016[Ni][dia]3[ASR]1,train,1192,126
2016[Ni][dia]3[ASR]2,train,1193,132
2016[Ni][dia]3[ASR]3,train,1194,157
2016[Ni][dia]3[ASR]4,train,1195,161
2016[Ni][dia]3[ASR]5,train,1196,128
2016[Ni][dia]3[ASR]6,train,1197,134
2016[Ni][frl]3[ASR]1,train,1198,88
2016[Ni][nbo]3[ASR]1,train,1199,125
2016[Ni][nbo]3[ASR]2,train,1200,109
2016[Pr][nan]3[ASR]1,test,1201,157
2016[Sc][nan]3[ASR]3,train,1202,111
2016[Sc][nan]3[ASR]6,train,1203,78
2016[Sc][nan]3[ASR]7,train,1204,68
2016[Sc][nan]3[ASR]8,train,1205,63
2016[Tb][ant]3[ASR]2,train,1206,29
2016[Tb][dia]3[ASR]1,train,1207,99
2016[Tm][nan]3[ASR]1,train,1208,94
2016[V][bpq]3[ASR]1,train,1209,164
2016[V][bpq]3[ASR]2,train,1210,156
2016[V][bpq]3[ASR]3,train,1211,143
2016[V][bpq]3[ASR]4,train,1212,156
2016[Zn][ant]3[ASR]3,train,1213,119
2016[Zn][ant]3[ASR]5,train,1214,88
2016[Zn][bbf]3[ASR]1,train,1215,102
2016[Zn][bbf]3[ASR]2,val,1216,78
2016[Zn][cds]3[ASR]1,val,1217,76
2016[Zn][dia]3[ASR]4,train,1218,126
2016[Zn][dia]3[ASR]5,test,1219,93
2016[Zn][dia]3[ASR]6,train,1220,117
2016[Zn][dia]3[ASR]7,train,1221,52
2016[Zn][dmp]3[ASR]1,train,1222,105
2016[Zn][fsc]3[ASR]1,val,1223,142
2016[Zn][kgd]2[ASR]1,train,1224,78
2016[Zn][nan]2[ASR]1,train,1225,39
2016[Zn][nan]2[ASR]3,val,1226,78
2016[Zn][nan]2[ASR]4,train,1227,86
2016[Zn][nan]3[ASR]10,train,1228,90
2016[Zn][nan]3[ASR]18,train,1229,107
2016[Zn][nan]3[ASR]23,train,1230,61
2016[Zn][nan]3[ASR]3,train,1231,140
2016[Zn][nan]3[ASR]30,val,1232,111
2016[Zn][nan]3[ASR]34,train,1233,113
2016[Zn][nan]3[ASR]37,val,1234,51
2016[Zn][pcu]3[ASR]10,train,1235,151
2016[Zn][pcu]3[ASR]14,train,1236,103
2016[Zn][pcu]3[ASR]15,test,1237,149
2016[Zn][qzd]3[ASR]1,train,1238,106
2016[Zn][sql]2[ASR]1,train,1239,71
2016[Zn][sql]2[ASR]3,train,1240,128
2016[Zn][ths]3[ASR]9,train,1241,100
2017[Cd][ant]3[ASR]1,train,1242,107
2017[Cd][ant]3[ASR]2,train,1243,120
2017[Cd][ant]3[ASR]4,train,1244,34
2017[Cd][bey]2[ASR]2,train,1245,139
2017[Cd][bnn]3[ASR]1,train,1246,102
2017[Cd][kgd]2[ASR]6,train,1247,145
2017[Cd][nan]3[ASR]11,test,1248,75
2017[Cd][nan]3[ASR]8,train,1249,29
2017[Cd][nan]3[ASR]9,train,1250,43
2017[Cd][pcu]3[ASR]5,train,1251,89
2017[Cd][sql]2[ASR]1,train,1252,94
2017[Cd][sql]2[ASR]10,train,1253,140
2017[Cd][sql]2[ASR]13,train,1254,70
2017[Cd][sql]2[ASR]14,train,1255,70
2017[Cd][sql]2[ASR]15,train,1256,119
2017[Cd][sql]2[ASR]2,train,1257,52
2017[Cd][sql]2[ASR]5,train,1258,190
2017[Cd][sql]2[ASR]6,train,1259,68
2017[Cd][sql]2[ASR]8,train,1260,59
2017[Cd][sql]2[ASR]9,train,1261,67
2017[Co][afw]3[ASR]1,train,1262,64
2017[Co][afw]3[ASR]2,train,1263,63
2017[Co][afw]3[ASR]3,val,1264,63
2017[Co][bnn]3[ASR]1,train,1265,71
2017[Co][bnn]3[ASR]2,train,1266,69
2017[Co][bnn]3[ASR]3,train,1267,70
2017[Co][dia]3[ASR]2,train,1268,118
2017[Co][dia]3[ASR]3,train,1269,118
2017[Co][nan]2[ASR]1,val,1270,94
2017[Co][nan]2[ASR]4,train,1271,57
2017[Co][nan]2[ASR]5,train,1272,53
2017[Co][nan]3[ASR]10,val,1273,72
2017[Co][nan]3[ASR]12,train,1274,120
2017[Co][nan]3[ASR]24,train,1275,80
2017[Co][pcu]2[ASR]12,val,1277,35
2017[Co][pcu]2[ASR]13,val,1278,34
2017[Co][pcu]2[ASR]2,train,1279,33
2017[Co][pcu]2[ASR]3,train,1280,34
2017[Co][pcu]2[ASR]4,val,1281,34
2017[Co][pcu]2[ASR]5,val,1282,34
2017[Co][pcu]2[ASR]6,val,1283,34
2017[Co][pcu]2[ASR]7,val,1284,34
2017[Co][pcu]2[ASR]8,val,1285,35
2017[Co][pcu]2[ASR]9,val,1286,35
2017[Co][pcu]3[ASR]1,test,1287,150
2017[Co][pcu]3[ASR]2,train,1288,81
2017[Co][pcu]3[ASR]4,train,1289,176
2017[Co][pcu]3[ASR]5,train,1290,176
2017[Co][qtz]3[ASR]1,train,1291,163
2017[Co][sql]2[ASR]10,test,1292,69
2017[Co][sql]2[ASR]11,val,1293,67
2017[Co][sql]2[ASR]12,val,1294,68
2017[Co][sql]2[ASR]13,train,1295,69
2017[Co][sql]2[ASR]14,train,1296,68
2017[Co][sql]2[ASR]15,train,1297,67
2017[Co][sql]2[ASR]3,val,1298,78
2017[Co][sql]2[ASR]7,train,1299,68
2017[Co][sql]2[ASR]9,train,1300,67
2017[CuSi][pcu]3[ASR]2,train,1301,101
2017[CuTi][pcu]3[ASR]1,train,1302,129
2017[Cu][eea]3[ASR]2,val,1303,143
2017[Cu][pcu]3[ASR]1,train,1304,101
2017[Cu][rob]3[ASR]1,train,1305,32
2017[Cu][rob]3[ASR]10,train,1306,55
2017[Cu][rob]3[ASR]2,train,1307,54
2017[Cu][rob]3[ASR]3,train,1308,52
2017[Cu][rob]3[ASR]4,train,1309,73
2017[Cu][rob]3[ASR]5,train,1310,32
2017[Cu][rob]3[ASR]6,train,1311,54
2017[Cu][rob]3[ASR]7,train,1312,54
2017[Cu][rob]3[ASR]8,train,1313,77
2017[Cu][rob]3[ASR]9,train,1314,64
2017[Cu][rtl]3[ASR]1,train,1315,70
2017[Cu][rtl]3[ASR]2,train,1316,109
2017[Cu][rtl]3[ASR]3,train,1317,146
2017[Cu][sql]2[ASR]8,train,1318,107
2017[Dy][kgd]2[ASR]1,train,1319,72
2017[Er][kgd]2[ASR]1,train,1320,70
2017[Er][mog]3[ASR]1,test,1321,138
2017[Eu][kgd]2[ASR]2,train,1322,74
2017[Eu][mog]3[ASR]1,train,1323,149
2017[FeSi][pcu]3[ASR]1,train,1324,30
2017[Fe][kag]3[ASR]1,test,1325,106
2017[Fe][kag]3[ASR]2,train,1326,105
2017[Fe][pts]3[ASR]1,train,1327,122
2017[Gd][kgd]2[ASR]1,train,1328,73
2017[Gd][nan]3[ASR]2,train,1329,100
2017[In][nan]2[ASR]1,train,1330,66
2017[La][nan]3[ASR]4,train,1331,91
2017[Mn][kgm]2[ASR]1,train,1332,85
2017[Mn][nan]3[ASR]2,train,1333,64
2017[Mn][nan]3[ASR]6,train,1334,140
2017[Mn][pcu]3[ASR]1,train,1335,105
2017[Mn][rtl]3[ASR]1,val,1336,43
2017[Mn][rtl]3[ASR]2,val,1337,58
2017[Mn][sod]3[ASR]1,train,1338,160
2017[Mn][sql]2[ASR]4,val,1339,62
2017[Nd][mog]3[ASR]1,train,1340,152
2017[Nd][nan]3[ASR]3,train,1341,68
2017[NiNb][pcu]3[ASR]1,train,1342,59
2017[NiNb][pcu]3[ASR]2,train,1343,59
2017[Ni][dia]3[ASR]1,test,1344,179
2017[Ni][dia]3[ASR]2,val,1345,97
2017[Ni][dia]3[ASR]3,train,1346,57
2017[Ni][fsc]3[ASR]1,train,1347,66
2017[Ni][hms]3[ASR]1,train,1348,59
2017[Ni][sql]2[ASR]1,train,1349,113
2017[Ni][sql]2[ASR]2,test,1350,118
2017[Ni][tfz]3[ASR]1,train,1351,133
2017[Pr][mog]3[ASR]1,train,1352,104
2017[Rh][sql]2[ASR]1,train,1353,142
2017[SiNi][pcu]3[ASR]1,train,1354,29
2017[Sm][kgd]2[ASR]1,train,1355,75
2017[Sm][nan]3[ASR]2,train,1356,56
2017[Tb][kgd]2[ASR]1,train,1357,61
2017[Tb][nan]3[ASR]3,val,1358,146
2017[Th][nan]3[ASR]1,train,1359,59
2017[Y][nan]3[ASR]1,train,1360,183
2017[ZnMn][nan]3[ASR]1,train,1361,142
2017[ZnMn][nan]3[ASR]2,train,1362,139
2017[ZnSi][pcu]3[ASR]1,val,1363,68
2017[ZnSi][sql]2[ASR]1,train,1364,105
2017[ZnSi][sql]2[ASR]2,train,1365,104
2017[Zn][afw]3[ASR]1,train,1366,103
2017[Zn][apo]3[ASR]1,train,1367,148
2017[Zn][dia]3[ASR]10,train,1368,155
2017[Zn][dia]3[ASR]12,train,1369,159
2017[Zn][dia]3[ASR]14,train,1370,26
2017[Zn][dia]3[ASR]4,train,1371,85
2017[Zn][dia]3[ASR]5,train,1372,88
2017[Zn][dia]3[ASR]6,train,1373,30
2017[Zn][dia]3[ASR]7,train,1374,30
2017[Zn][hcb]2[ASR]4,train,1375,75
2017[Zn][lon]3[ASR]1,train,1376,138
2017[Zn][nan]2[ASR]9,train,1377,52
2017[Zn][nan]3[ASR]10,train,1378,119
2017[Zn][nan]3[ASR]25,train,1379,111
2017[Zn][nan]3[ASR]7,train,1380,44
2017[Zn][pcu]3[ASR]16,test,1381,154
2017[Zn][pcu]3[ASR]17,train,1382,173
2017[Zn][pcu]3[ASR]19,train,1383,181
2017[Zn][rob]3[ASR]1,train,1384,79
2017[Zn][sql]2[ASR]11,train,1385,134
2017[Zn][sql]2[ASR]12,train,1386,105
2017[Zn][sql]2[ASR]13,train,1387,104
2017[Zn][sql]2[ASR]14,val,1388,117
2017[Zn][sql]2[ASR]16,train,1389,59
2017[Zn][sql]2[ASR]18,train,1390,38
2017[Zn][sql]2[ASR]2,val,1391,144
2017[Zn][sql]2[ASR]4,train,1392,58
2017[Zn][sql]2[ASR]5,val,1393,75
2017[Zn][ths]3[ASR]5,train,1394,59
2017[Zn][ths]3[ASR]6,train,1395,58
2018[Al][nan]3[ASR]1,train,1396,197
2018[Al][nan]3[ASR]4,test,1397,198
2018[Cd][cds]3[ASR]1,train,1398,92
2018[Cd][cds]3[ASR]2,train,1399,99
2018[Cd][dia]3[ASR]2,val,1400,35
2018[Cd][dia]3[ASR]4,train,1401,154
2018[Cd][dia]3[ASR]5,train,1402,138
2018[Cd][gis]3[ASR]1,train,1403,26
2018[Cd][hxl]2[ASR]1,train,1404,78
2018[Cd][mab]3[ASR]1,val,1405,72
2018[Cd][mab]3[ASR]2,train,1406,71
2018[Cd][nan]2[ASR]1,train,1407,64
2018[Cd][nan]2[ASR]3,train,1408,82
2018[Cd][nan]3[ASR]2,val,1409,77
2018[Cd][nan]3[ASR]7,test,1410,52
2018[Cd][pcu]3[ASR]3,train,1411,115
2018[Cd][sql]2[ASR]2,train,1412,100
2018[Cd][sql]2[ASR]3,test,1413,44
2018[Cd][sql]2[ASR]6,train,1414,129
2018[Cd][sql]2[ASR]8,val,1415,109
2018[Cd][tfz]3[ASR]1,test,1416,99
2018[Cd][tfz]3[ASR]2,val,1417,99
2018[Cd][unj]3[ASR]1,train,1418,123
2018[Co][flu]3[ASR]1,train,1419,52
2018[Co][fsc]3[ASR]1,train,1420,66
2018[Co][pcu]3[ASR]1,test,1421,43
2018[Co][scu]3[ASR]1,val,1422,40
2018[Co][sql]2[ASR]2,train,1423,56
2018[Co][tfz]3[ASR]1,test,1424,110
2018[Cu][gis]3[ASR]1,train,1427,64
2018[Cu][pcu]3[ASR]1,train,1428,87
2018[Cu][sra]3[ASR]1,train,1429,80
2018[Eu][flu]3[ASR]3,train,1430,159
2018[Eu][flu]3[ASR]4,train,1431,155
2018[Eu][nan]3[ASR]6,train,1432,44
2018[Fe][sql]2[ASR]2,train,1433,52
2018[Mn][nan]3[ASR]2,val,1434,59
2018[Mn][nan]3[ASR]5,train,1435,151
2018[Mn][sql]2[ASR]1,val,1436,65
2018[Mn][sra]3[ASR]1,train,1437,157
2018[Ni][pcu]3[ASR]1,test,1438,40
2018[Ni][sql]2[ASR]2,train,1439,180
2018[Ni][sql]2[ASR]4,train,1440,157
2018[Ni][sql]2[ASR]5,train,1441,92
2018[Tb][nan]3[ASR]4,val,1442,112
2018[Zn][acs]3[ASR]1,test,1443,87
2018[Zn][apo]3[ASR]1,train,1444,142
2018[Zn][cds]3[ASR]1,train,1445,44
2018[Zn][dia]3[ASR]4,val,1446,31
2018[Zn][flu]3[ASR]1,train,1447,108
2018[Zn][hcb]2[ASR]2,train,1448,36
2018[Zn][nan]3[ASR]13,test,1449,62
2018[Zn][nan]3[ASR]18,train,1450,174
2018[Zn][nan]3[ASR]2,train,1451,153
2018[Zn][nan]3[ASR]9,val,1452,116
2018[Zn][pcu]3[ASR]4,train,1453,147
2018[Zn][pts]3[ASR]1,train,1454,76
2018[Zn][sod]3[ASR]1,train,1455,125
2018[Zn][sod]3[ASR]10,train,1456,132
2018[Zn][sod]3[ASR]11,train,1457,130
2018[Zn][sod]3[ASR]12,train,1458,127
2018[Zn][sod]3[ASR]13,train,1459,121
2018[Zn][sod]3[ASR]14,train,1460,109
2018[Zn][sod]3[ASR]15,train,1461,145
2018[Zn][sod]3[ASR]16,train,1462,138
2018[Zn][sod]3[ASR]17,train,1463,134
2018[Zn][sod]3[ASR]18,train,1464,127
2018[Zn][sod]3[ASR]19,train,1465,129
2018[Zn][sod]3[ASR]2,train,1466,140
2018[Zn][sod]3[ASR]20,train,1467,117
2018[Zn][sod]3[ASR]21,train,1468,146
2018[Zn][sod]3[ASR]22,train,1469,140
2018[Zn][sod]3[ASR]3,train,1470,120
2018[Zn][sod]3[ASR]4,train,1471,150
2018[Zn][sod]3[ASR]5,train,1472,143
2018[Zn][sod]3[ASR]6,train,1473,143
2018[Zn][sod]3[ASR]7,train,1474,138
2018[Zn][sod]3[ASR]8,train,1475,135
2018[Zn][sod]3[ASR]9,train,1476,133
2018[Zn][sql]2[ASR]13,train,1477,68
2018[Zn][sql]2[ASR]14,train,1478,25
2018[Zn][sql]2[ASR]15,train,1479,64
2018[Zn][sql]2[ASR]16,val,1480,51
2018[Zn][sql]2[ASR]17,train,1481,54
2018[Zn][sql]2[ASR]18,test,1482,93
2018[Zn][sql]2[ASR]21,train,1483,52
2018[Zn][sql]2[ASR]24,train,1484,154
2018[Zn][sql]2[ASR]3,train,1485,62
2019[Al][bpq]3[ASR]3,val,1486,190
2019[Al][bpq]3[ASR]4,val,1487,27
2019[Cd][afw]3[ASR]1,train,1488,28
2019[Cd][bnn]3[ASR]1,train,1489,42
2019[Cd][cds]3[ASR]1,train,1490,41
2019[Cd][hcb]2[ASR]2,train,1491,26
2019[Cd][hcb]2[ASR]6,test,1492,79
2019[Cd][hcb]2[ASR]7,train,1493,97
2019[Cd][hcb]2[ASR]8,train,1494,26
2019[Cd][nan]2[ASR]1,train,1495,68
2019[Cd][nan]2[ASR]2,train,1496,106
2019[Cd][nan]3[ASR]1,train,1497,81
2019[Cd][nan]3[ASR]14,train,1498,117
2019[Cd][pcu]3[ASR]1,train,1499,75
2019[Cd][pcu]3[ASR]3,test,1500,52
2019[Cd][pcu]3[ASR]4,test,1501,148
2019[Cd][pcu]3[ASR]5,train,1502,94
2019[Cd][pcu]3[ASR]6,val,1503,138
2019[Cd][pcu]3[ASR]7,test,1504,94
2019[Cd][sql]2[ASR]1,train,1505,50
2019[Cd][sql]2[ASR]10,train,1506,104
2019[Cd][sql]2[ASR]11,train,1507,67
2019[Cd][sql]2[ASR]12,train,1508,74
2019[Cd][sql]2[ASR]13,train,1509,69
2019[Cd][sql]2[ASR]2,train,1510,39
2019[Cd][sql]2[ASR]3,train,1511,44
2019[Cd][sql]2[ASR]5,train,1512,58
2019[Cd][sql]2[ASR]7,train,1513,92
2019[Cd][sql]2[ASR]9,train,1514,91
2019[Cd][tfz]3[ASR]1,train,1515,102
2019[Cd][ths]3[ASR]1,train,1516,164
2019[CoMn][nan]3[ASR]1,test,1517,139
2019[CoMn][nan]3[ASR]2,train,1518,139
2019[Co][apo]3[ASR]1,train,1519,118
2019[Co][crs]3[ASR]1,train,1520,118
2019[Co][dia]3[ASR]1,train,1521,48
2019[Co][dia]3[ASR]2,train,1522,28
2019[Co][fsc]3[ASR]1,train,1523,79
2019[Co][lcv]3[ASR]1,train,1524,65
2019[Co][nan]2[ASR]2,train,1525,34
2019[Co][nan]3[ASR]10,train,1526,114
2019[Co][nan]3[ASR]18,val,1527,104
2019[Co][nan]3[ASR]23,train,1528,87
2019[Co][nan]3[ASR]24,train,1529,52
2019[Co][nan]3[ASR]3,train,1530,117
2019[Co][nan]3[ASR]4,test,1531,133
2019[Co][nan]3[ASR]5,test,1532,136
2019[Co][nan]3[ASR]8,test,1533,106
2019[Co][pcu]3[ASR]1,train,1534,110
2019[Co][pcu]3[ASR]3,train,1535,153
2019[Co][pcu]3[ASR]4,train,1536,87
2019[Co][pcu]3[ASR]5,train,1537,160
2019[Co][pcu]3[ASR]6,train,1538,88
2019[Co][pcu]3[ASR]7,test,1539,142
2019[Co][pcu]3[ASR]9,test,1540,103
2019[Co][rtl]3[ASR]1,test,1541,79
2019[Co][scu]3[ASR]1,val,1542,48
2019[Co][sql]2[ASR]1,train,1543,62
2019[Co][sql]2[ASR]2,train,1544,111
2019[Co][sql]2[ASR]6,train,1545,21
2019[Co][zni]3[ASR]1,train,1546,34
2019[Cu][kgd]2[ASR]1,train,1547,140
2019[Cu][lvt]3[ASR]2,test,1548,93
2019[Cu][lvt]3[ASR]3,val,1549,97
2019[Cu][pcu]3[ASR]2,train,1550,127
2019[Cu][pcu]3[ASR]3,train,1551,41
2019[Cu][rtl]3[ASR]2,val,1552,104
2019[Cu][rtl]3[ASR]3,val,1553,53
2019[Cu][sql]2[ASR]10,train,1554,62
2019[Dy][pcu]3[ASR]1,train,1555,101
2019[Er][hcb]2[ASR]1,val,1556,127
2019[Eu][nan]2[ASR]1,train,1557,56
2019[Fe][ant]3[ASR]2,val,1558,103
2019[Gd][nan]2[ASR]1,train,1559,52
2019[In][bpq]3[ASR]4,train,1560,82
2019[In][bpq]3[ASR]5,train,1561,97
2019[In][bpq]3[ASR]6,train,1562,177
2019[In][cdt]3[ASR]1,test,1563,112
2019[La][nan]3[ASR]4,test,1564,118
2019[La][pcu]3[ASR]1,train,1565,101
2019[La][pcu]3[ASR]2,train,1566,101
2019[Lu][pcu]3[ASR]1,train,1567,105
2019[Lu][pcu]3[ASR]2,train,1568,103
2019[Mn][bpq]3[ASR]1,train,1569,152
2019[Mn][fsc]3[ASR]1,train,1570,82
2019[Mn][sql]2[ASR]1,val,1571,168
2019[Nd][nan]3[ASR]2,test,1572,114
2019[Nd][pcu]3[ASR]1,train,1573,105
2019[Nd][pcu]3[ASR]2,train,1574,101
2019[NiSi][pcu]3[ASR]1,test,1575,53
2019[NiSi][pcu]3[ASR]2,test,1576,54
2019[Ni][bey]2[ASR]1,train,1577,49
2019[Ni][dia]3[ASR]1,val,1578,26
2019[Ni][dia]3[ASR]4,train,1579,150
2019[Ni][gra]3[ASR]1,val,1580,53
2019[Ni][kgm]2[ASR]1,test,1581,164
2019[Ni][kgm]2[ASR]2,test,1582,143
2019[Ni][nan]3[ASR]5,train,1583,137
2019[Ni][sql]2[ASR]1,val,1584,52
2019[Ni][sra]3[ASR]1,train,1585,34
2019[Pr][nan]3[ASR]3,train,1586,88
2019[Sm][nan]2[ASR]1,train,1587,54
2019[V][bpq]3[ASR]1,train,1588,52
2019[V][bpq]3[ASR]2,test,1589,115
2019[V][bpq]3[ASR]3,test,1590,19
2019[V][bpq]3[ASR]4,train,1591,119
2019[Yb][nan]2[ASR]1,train,1592,70
2019[Yb][nan]2[ASR]2,train,1593,78
2019[ZnMn][nan]3[ASR]1,train,1594,146
2019[ZnSi][pcu]3[ASR]1,train,1595,79
2019[Zn][cag]3[ASR]1,train,1596,99
2019[Zn][cag]3[ASR]2,train,1597,84
2019[Zn][cds]3[ASR]1,train,1598,81
2019[Zn][dia]3[ASR]1,test,1599,85
2019[Zn][dia]3[ASR]2,train,1600,62
2019[Zn][dia]3[ASR]6,train,1601,56
2019[Zn][fsc]3[ASR]1,train,1602,90
2019[Zn][hcb]2[ASR]4,train,1603,48
2019[Zn][lon]3[ASR]2,train,1604,92
2019[Zn][lon]3[ASR]3,train,1605,98
2019[Zn][lon]3[ASR]4,train,1606,89
2019[Zn][lon]3[ASR]5,val,1607,93
2019[Zn][lon]3[ASR]6,train,1608,155
2019[Zn][lon]3[ASR]7,train,1609,80
2019[Zn][lon]3[ASR]8,train,1610,81
2019[Zn][lon]3[ASR]9,train,1611,93
2019[Zn][mog]3[ASR]1,train,1612,158
2019[Zn][mog]3[ASR]2,train,1613,139
2019[Zn][mog]3[ASR]3,train,1614,132
2019[Zn][mog]3[ASR]4,train,1615,134
2019[Zn][nan]2[ASR]5,train,1616,135
2019[Zn][nan]2[ASR]6,train,1617,130
2019[Zn][nan]2[ASR]9,train,1618,141
2019[Zn][nan]3[ASR]17,val,1619,39
2019[Zn][nan]3[ASR]18,train,1620,39
2019[Zn][nan]3[ASR]19,train,1621,38
2019[Zn][nan]3[ASR]20,val,1622,39
2019[Zn][nan]3[ASR]21,test,1623,38
2019[Zn][nan]3[ASR]22,train,1624,39
2019[Zn][nan]3[ASR]23,train,1625,78
2019[Zn][nan]3[ASR]24,train,1626,75
2019[Zn][nan]3[ASR]6,train,1627,112
2019[Zn][pcu]3[ASR]4,train,1628,103
2019[Zn][pts]3[ASR]3,train,1629,81
2019[Zn][pts]3[ASR]4,train,1630,105
2019[Zn][sql]2[ASR]10,test,1631,79
2019[Zn][sql]2[ASR]12,test,1632,46
2019[Zn][sql]2[ASR]14,train,1633,39
2019[Zn][sql]2[ASR]15,test,1634,37
2019[Zn][sql]2[ASR]16,train,1635,42
2019[Zn][sql]2[ASR]17,train,1636,42
2019[Zn][sql]2[ASR]18,train,1637,50
2019[Zn][sql]2[ASR]19,train,1638,44
2019[Zn][sql]2[ASR]20,test,1639,40
2019[Zn][sql]2[ASR]22,train,1640,52
2019[Zn][sql]2[ASR]23,train,1641,126
2019[Zn][sql]2[ASR]4,train,1642,39
2019[Zr][bey]2[ASR]1,train,1643,130
2019[Zr][nan]3[ASR]2,train,1644,153
2020[Al][nan]3[ASR]1,train,1645,88
2020[Al][nan]3[ASR]2,train,1646,85
2020[Al][nan]3[ASR]3,train,1647,86
2020[Al][stp]3[ASR]1,train,1648,22
2020[Cd][cds]3[ASR]1,train,1649,67
2020[Cd][dia]3[ASR]3,train,1650,102
2020[Cd][dia]3[ASR]5,train,1651,36
2020[Cd][dia]3[ASR]6,train,1652,39
2020[Cd][hcb]2[ASR]1,train,1653,34
2020[Cd][hcb]2[ASR]3,train,1654,95
2020[Cd][hcb]2[ASR]5,train,1655,112
2020[Cd][hms]3[ASR]1,train,1656,105
2020[Cd][kgd]2[ASR]2,train,1657,116
2020[Cd][kgd]2[ASR]3,val,1658,68
2020[Cd][nan]2[ASR]1,train,1659,59
2020[Cd][nan]2[ASR]2,train,1660,59
2020[Cd][nan]2[ASR]5,train,1661,47
2020[Cd][nan]3[ASR]4,train,1662,88
2020[Cd][nan]3[ASR]6,train,1663,96
2020[Cd][nan]3[ASR]7,val,1664,80
2020[Cd][pcu]3[ASR]3,train,1665,90
2020[Cd][pts]3[ASR]1,test,1666,52
2020[Cd][rtl]3[ASR]1,train,1667,83
2020[Cd][sql]2[ASR]10,train,1668,44
2020[Cd][sql]2[ASR]11,train,1669,122
2020[Cd][sql]2[ASR]2,train,1670,90
2020[Cd][sql]2[ASR]3,train,1671,64
2020[Cd][sql]2[ASR]5,train,1672,74
2020[Cd][sql]2[ASR]6,train,1673,76
2020[Cd][sql]2[ASR]7,train,1674,97
2020[Cd][sql]2[ASR]8,train,1675,99
2020[Ce][pts]3[ASR]1,val,1676,118
2020[Co][ant]3[ASR]1,train,1677,26
2020[Co][ant]3[ASR]2,train,1678,27
2020[Co][dia]3[ASR]1,train,1679,57
2020[Co][dia]3[ASR]2,test,1680,82
2020[Co][fsc]3[ASR]1,train,1681,65
2020[Co][fsc]3[ASR]2,train,1682,52
2020[Co][hcb]2[ASR]1,train,1683,50
2020[Co][hex]3[ASR]1,train,1684,65
2020[Co][ins]3[ASR]1,train,1685,107
2020[Co][mab]3[ASR]1,test,1686,157
2020[Co][nan]2[ASR]1,train,1687,51
2020[Co][nan]2[ASR]2,train,1688,106
2020[Co][nan]2[ASR]4,train,1689,37
2020[Co][nan]2[ASR]5,train,1690,52
2020[Co][nan]2[ASR]8,train,1691,52
2020[Co][nan]3[ASR]17,train,1692,34
2020[Co][nan]3[ASR]18,train,1693,33
2020[Co][nan]3[ASR]19,train,1694,162
2020[Co][nan]3[ASR]4,train,1695,119
2020[Co][pcu]3[ASR]1,train,1696,48
2020[Co][pcu]3[ASR]3,val,1697,154
2020[Co][rob]3[ASR]1,val,1698,70
2020[Co][sql]2[ASR]10,train,1699,59
2020[Co][sql]2[ASR]11,train,1700,103
2020[Co][sql]2[ASR]2,test,1701,81
2020[Co][sql]2[ASR]3,train,1702,112
2020[Co][sql]2[ASR]4,train,1703,109
2020[Co][tfz]3[ASR]1,train,1704,167
2020[CuGe][sql]2[ASR]1,train,1705,144
2020[CuGe][sql]2[ASR]2,train,1706,116
2020[CuGe][sql]2[ASR]3,train,1707,150
2020[CuNb][sql]2[ASR]2,train,1708,116
2020[CuNb][sql]2[ASR]3,train,1709,149
2020[CuSi][pcu]2[ASR]2,val,1710,49
2020[CuYb][stp]3[ASR]1,train,1711,68
2020[CuZr][pcu]3[ASR]1,train,1712,118
2020[Cu][eea]3[ASR]1,test,1713,129
2020[Cu][mab]3[ASR]1,train,1714,85
2020[Cu][rob]3[ASR]1,train,1715,31
2020[Cu][rob]3[ASR]2,train,1716,63
2020[Eu][flu]3[ASR]2,train,1717,153
2020[Eu][htp]3[ASR]1,train,1718,55
2020[Eu][nan]3[ASR]6,train,1719,83
2020[Fe][met]3[ASR]1,train,1720,44
2020[Fe][met]3[ASR]2,train,1721,122
2020[Fe][stp]3[ASR]1,train,1722,113
2020[Gd][nan]2[ASR]1,train,1723,28
2020[Gd][nan]3[ASR]2,test,1724,81
2020[In][hcb]2[ASR]1,train,1725,180
2020[La][pts]3[ASR]1,train,1726,120
2020[Mg][nan]3[ASR]3,train,1727,180
2020[Mg][nan]3[ASR]4,train,1728,169
2020[Mg][nan]3[ASR]5,val,1729,165
2020[Mg][nan]3[ASR]6,train,1730,163
2020[Mg][nan]3[ASR]7,train,1731,59
2020[Mg][nan]3[ASR]8,train,1732,65
2020[Mg][nan]3[ASR]9,train,1733,59
2020[Mg][rtl]3[ASR]1,test,1734,43
2020[Mn][ant]3[ASR]2,train,1735,30
2020[Mn][nan]3[ASR]2,test,1736,43
2020[Mn][nan]3[ASR]3,test,1737,76
2020[Mn][pcu]3[ASR]1,train,1738,44
2020[Mn][sql]2[ASR]4,train,1739,58
2020[Mn][tav]3[ASR]1,train,1740,23
2020[Ni][dia]3[ASR]2,train,1741,161
2020[Ni][nan]3[ASR]4,train,1742,93
2020[Ni][nan]3[ASR]5,train,1743,26
2020[Pr][pts]3[ASR]1,test,1744,122
2020[Ru][sql]2[ASR]1,train,1745,56
2020[Tb][flu]3[ASR]1,train,1746,154
2020[Tb][htp]3[ASR]1,train,1747,53
2020[Tb][nan]3[ASR]3,train,1748,120
2020[Tb][nan]3[ASR]6,train,1749,77
2020[Tb][pcu]3[ASR]2,train,1750,169
2020[Ti][bcu]3[ASR]1,train,1751,75
2020[Ti][bcu]3[ASR]2,train,1752,127
2020[Ti][nan]3[ASR]1,train,1753,98
2020[Ti][nan]3[ASR]3,val,1754,94
2020[V][nan]3[ASR]1,train,1755,139
2020[V][nan]3[ASR]2,train,1756,139
2020[Y][mog]3[ASR]1,train,1757,132
2020[Zn][bbf]3[ASR]2,val,1758,88
2020[Zn][bex]2[ASR]1,train,1759,76
2020[Zn][dia]3[ASR]12,val,1760,81
2020[Zn][dia]3[ASR]6,train,1761,138
2020[Zn][dia]3[ASR]7,train,1762,106
2020[Zn][dmc]3[ASR]1,train,1763,113
2020[Zn][fsc]3[ASR]1,test,1764,139
2020[Zn][hcb]2[ASR]1,test,1765,150
2020[Zn][hcb]2[ASR]2,val,1766,54
2020[Zn][hcb]2[ASR]4,test,1767,43
2020[Zn][hcb]2[ASR]5,train,1768,79
2020[Zn][nan]3[ASR]12,test,1769,84
2020[Zn][nan]3[ASR]13,test,1770,142
2020[Zn][nan]3[ASR]14,train,1771,89
2020[Zn][nan]3[ASR]15,train,1772,138
2020[Zn][nan]3[ASR]21,train,1773,144
2020[Zn][nan]3[ASR]3,test,1774,43
2020[Zn][nan]3[ASR]4,train,1775,91
2020[Zn][nan]3[ASR]52,train,1776,51
2020[Zn][nan]3[ASR]53,train,1777,83
2020[Zn][nan]3[ASR]57,train,1778,73
2020[Zn][nan]3[ASR]58,train,1779,68
2020[Zn][nan]3[ASR]59,train,1780,78
2020[Zn][nan]3[ASR]60,train,1781,75
2020[Zn][nan]3[ASR]65,train,1782,104
2020[Zn][pcu]3[ASR]11,train,1783,121
2020[Zn][pcu]3[ASR]12,train,1784,58
2020[Zn][pcu]3[ASR]13,train,1785,32
2020[Zn][qtz]3[ASR]1,train,1786,105
2020[Zn][rob]3[ASR]2,train,1787,56
2020[Zn][scu]3[ASR]1,train,1788,50
2020[Zn][sod]3[ASR]1,train,1789,157
2020[Zn][sql]2[ASR]11,test,1790,98
2020[Zn][sql]2[ASR]12,test,1791,87
2020[Zn][sql]2[ASR]14,train,1792,41
2020[Zn][sql]2[ASR]15,train,1793,105
2020[Zn][sql]2[ASR]18,test,1794,34
2020[Zn][sql]2[ASR]19,train,1795,102
2020[Zn][sql]2[ASR]20,train,1796,37
2020[Zn][sql]2[ASR]21,test,1797,103
2020[Zn][sql]2[ASR]22,train,1798,56
2020[Zn][sql]2[ASR]3,test,1799,76
2020[Zn][sra]3[ASR]1,train,1800,115
2020[Zn][sra]3[ASR]2,train,1801,114
2021[Al][nan]3[ASR]1,train,1802,165
2021[Al][nan]3[ASR]10,test,1803,156
2021[Al][nan]3[ASR]11,train,1804,157
2021[Al][nan]3[ASR]12,train,1805,155
2021[Al][nan]3[ASR]13,val,1806,154
2021[Al][nan]3[ASR]14,train,1807,129
2021[Al][nan]3[ASR]15,train,1808,136
2021[Al][nan]3[ASR]16,test,1809,164
2021[Al][nan]3[ASR]17,train,1810,164
2021[Al][nan]3[ASR]18,train,1811,165
2021[Al][nan]3[ASR]19,test,1812,153
2021[Al][nan]3[ASR]2,train,1813,168
2021[Al][nan]3[ASR]20,train,1814,155
2021[Al][nan]3[ASR]21,train,1815,138
2021[Al][nan]3[ASR]22,train,1816,152
2021[Al][nan]3[ASR]3,test,1817,169
2021[Al][nan]3[ASR]4,train,1818,159
2021[Al][nan]3[ASR]5,test,1819,159
2021[Al][nan]3[ASR]6,train,1820,156
2021[Al][nan]3[ASR]7,train,1821,155
2021[Al][nan]3[ASR]8,train,1822,152
2021[Al][nan]3[ASR]9,train,1823,161
2021[Cd][fsc]3[ASR]1,train,1824,113
2021[Cd][fsc]3[ASR]2,train,1825,126
2021[Cd][gra]3[ASR]1,train,1826,126
2021[Cd][hcb]2[ASR]1,train,1827,71
2021[Cd][nan]2[ASR]1,train,1828,39
2021[Cd][pcu]3[ASR]1,train,1829,102
2021[Cd][pcu]3[ASR]3,train,1830,65
2021[Cd][pcu]3[ASR]4,train,1831,85
2021[Cd][sql]2[ASR]2,train,1832,131
2021[Cd][sql]2[ASR]4,train,1833,50
2021[Cd][sql]2[ASR]5,test,1834,102
2021[Cd][sql]2[ASR]6,train,1835,110
2021[Cd][tfz]3[ASR]6,train,1836,91
2021[Ce][flu]3[ASR]1,train,1837,173
2021[Co][dia]3[ASR]1,train,1838,105
2021[Co][dia]3[ASR]2,val,1839,45
2021[Co][kgd]2[ASR]1,train,1840,127
2021[Co][nan]3[ASR]10,test,1841,103
2021[Co][nan]3[ASR]15,test,1842,55
2021[Co][nan]3[ASR]16,train,1843,87
2021[Co][nan]3[ASR]5,train,1844,40
2021[Co][nan]3[ASR]6,train,1845,97
2021[Co][nan]3[ASR]8,train,1846,104
2021[Co][nan]3[ASR]9,test,1847,57
2021[Co][pcu]3[ASR]1,test,1848,58
2021[Co][pcu]3[ASR]4,train,1849,71
2021[Co][pcu]3[ASR]5,test,1850,57
2021[Co][pcu]3[ASR]6,test,1851,63
2021[Co][pcu]3[ASR]7,test,1852,70
2021[Co][rtl]3[ASR]1,val,1853,71
2021[Co][scu]3[ASR]1,train,1854,38
2021[Co][sql]2[ASR]1,train,1855,109
2021[CuW][nan]3[ASR]1,train,1856,104
2021[Cu][crs]3[ASR]1,train,1857,148
2021[Cu][rtl]3[ASR]1,train,1858,113
2021[Cu][rtl]3[ASR]2,train,1859,59
2021[Cu][rtl]3[ASR]3,val,1860,69
2021[Cu][rtl]3[ASR]4,train,1861,70
2021[Cu][rtl]3[ASR]5,train,1862,69
2021[Cu][sql]2[ASR]1,train,1863,142
2021[Cu][sql]2[ASR]4,train,1864,76
2021[Eu][ant]3[ASR]1,train,1865,25
2021[Eu][dia]3[ASR]1,train,1866,74
2021[Eu][nan]3[ASR]1,train,1867,124
2021[Eu][pcu]3[ASR]1,train,1868,17
2021[Fe][bpq]3[ASR]1,val,1869,151
2021[Mn][kgd]2[ASR]1,train,1870,121
2021[Mn][kgd]2[ASR]2,train,1871,129
2021[Mn][kgd]2[ASR]3,train,1872,121
2021[Mn][nan]3[ASR]1,train,1873,71
2021[Ni][dia]3[ASR]1,train,1874,58
2021[Y][acs]3[ASR]1,train,1875,154
2021[Zn][dia]3[ASR]3,test,1876,93
2021[Zn][dia]3[ASR]4,train,1877,127
2021[Zn][dia]3[ASR]5,train,1878,110
2021[Zn][dmc]3[ASR]1,train,1879,118
2021[Zn][dmc]3[ASR]2,train,1880,91
2021[Zn][fsc]3[ASR]1,train,1881,43
2021[Zn][fsc]3[ASR]2,val,1882,49
2021[Zn][hcb]2[ASR]1,train,1883,61
2021[Zn][nan]2[ASR]2,test,1884,45
2021[Zn][nan]3[ASR]17,val,1885,75
2021[Zn][nan]3[ASR]18,train,1886,76
2021[Zn][nan]3[ASR]19,test,1887,77
2021[Zn][nan]3[ASR]20,train,1888,56
2021[Zn][nan]3[ASR]21,train,1889,57
2021[Zn][nan]3[ASR]22,train,1890,51
2021[Zn][nan]3[ASR]23,train,1891,62
2021[Zn][pcu]3[ASR]11,train,1892,81
2021[Zn][pcu]3[ASR]12,val,1893,128
2021[Zn][pcu]3[ASR]13,val,1894,130
2021[Zn][sql]2[ASR]1,train,1897,117
2021[Zn][tfz]3[ASR]1,train,1898,59
2021[Zn][utp]3[ASR]1,train,1899,41
2022[Cd][bcu]3[ASR]1,train,1900,123
2022[Cd][nan]2[ASR]2,train,1901,85
2022[Cd][nan]3[ASR]7,train,1902,51
2022[Cd][pcu]3[ASR]1,train,1903,119
2022[Cd][sdd]2[ASR]1,train,1904,56
2022[Cd][sql]2[ASR]1,train,1905,54
2022[Ce][ant]3[ASR]1,train,1906,26
2022[Ce][nan]3[ASR]1,train,1907,148
2022[Co][mab]3[ASR]1,train,1908,48
2022[Co][nan]3[ASR]1,train,1909,136
2022[Co][nan]3[ASR]10,train,1910,161
2022[Co][nan]3[ASR]11,train,1911,160
2022[Co][nan]3[ASR]3,train,1912,157
2022[Co][nan]3[ASR]4,train,1913,133
2022[Cu][pcu]3[ASR]1,train,1914,36
2022[Cu][rob]3[ASR]1,train,1915,50
2022[Er][ant]3[ASR]1,train,1916,22
2022[Eu][ant]3[ASR]1,train,1917,24
2022[Eu][hcb]2[ASR]1,train,1918,29
2022[Eu][hcb]2[ASR]3,train,1919,44
2022[Eu][sql]2[ASR]1,train,1920,89
2022[Fe][rtl]3[ASR]1,train,1921,45
2022[Gd][ant]3[ASR]1,train,1922,24
2022[Gd][hcb]2[ASR]1,train,1923,27
2022[In][nan]2[ASR]1,train,1924,103
2022[La][alb]3[ASR]1,train,1925,88
2022[La][alb]3[ASR]2,train,1926,89
2022[La][nan]2[ASR]1,train,1927,78
2022[Mn][nan]3[ASR]2,train,1928,70
2022[Ni][dia]3[ASR]1,train,1929,45
2022[Ni][nan]3[ASR]1,train,1930,105
2022[Pr][ant]3[ASR]1,test,1931,25
2022[Sc][bpq]3[ASR]1,train,1932,136
2022[Sc][bpq]3[ASR]2,train,1933,133
2022[Sc][bpq]3[ASR]3,train,1934,129
2022[Sc][bpq]3[ASR]4,train,1935,132
2022[Sc][bpq]3[ASR]5,train,1936,121
2022[Sc][bpq]3[ASR]6,train,1937,119
2022[Sm][ant]3[ASR]1,val,1938,25
2022[Tb][ant]3[ASR]1,train,1939,24
2022[Tb][hcb]2[ASR]1,test,1940,30
2022[Tb][sql]2[ASR]1,train,1941,102
2022[Y][nan]3[ASR]3,val,1942,23
2022[Zn][dmp]3[ASR]1,train,1943,105
2022[Zn][lon]3[ASR]1,val,1944,88
2022[Zn][lon]3[ASR]2,train,1945,76
2022[Zn][lon]3[ASR]3,train,1946,72
2022[Zn][lon]3[ASR]4,train,1947,66
2022[Zn][nan]3[ASR]1,train,1948,69
2022[Zn][nan]3[ASR]10,train,1949,155
2022[Zn][nan]3[ASR]15,train,1950,160
2022[Zn][nan]3[ASR]16,train,1951,143
2022[Zn][nan]3[ASR]20,train,1952,142
2022[Zn][pcu]3[ASR]3,train,1953,157
2022[Zn][pts]3[ASR]7,train,1954,42
2022[Zn][qtz]3[ASR]1,train,1955,86
2022[Zn][sql]2[ASR]7,test,1956,92
2022[Zn][sra]3[ASR]1,test,1957,118
2022[Zn][umc]3[ASR]1,train,1958,117
2023[Cd][bey]2[ASR]1,val,1959,134
2023[Cd][fsc]3[ASR]1,train,1960,86
2023[Cd][hex]3[ASR]1,train,1961,159
2023[Cd][kgd]2[ASR]2,val,1962,33
2023[Cd][nan]3[ASR]4,train,1963,53
2023[Cd][pcu]3[ASR]1,train,1964,107
2023[Cd][rtl]3[ASR]1,train,1965,108
2023[Cd][sod]3[ASR]1,train,1966,70
2023[Cd][sql]2[ASR]1,train,1967,105
2023[Cd][sql]2[ASR]4,train,1968,152
2023[Co][kgd]2[ASR]1,test,1969,56
2023[Co][nan]3[ASR]14,train,1970,52
2023[Co][nan]3[ASR]2,test,1971,166
2023[Co][nan]3[ASR]3,train,1972,47
2023[Co][nan]3[ASR]6,train,1973,61
2023[Co][nan]3[ASR]7,train,1974,65
2023[Co][pcu]3[ASR]1,train,1975,32
2023[Co][pcu]3[ASR]2,train,1976,126
2023[Co][pcu]3[ASR]3,train,1977,155
2023[Co][sql]2[ASR]3,train,1978,105
2023[Co][sql]2[ASR]4,test,1979,106
2023[CuNb][sql]2[ASR]1,train,1980,59
2023[Cu][fsc]2[ASR]1,test,1981,122
2023[Cu][rob]3[ASR]1,train,1982,79
2023[Cu][sql]2[ASR]2,train,1983,96
2023[Dy][hcb]2[ASR]2,train,1984,146
2023[Er][nan]3[ASR]2,train,1985,96
2023[Eu][mog]3[ASR]1,test,1986,51
2023[Eu][mog]3[ASR]2,test,1987,49
2023[Fe][sql]2[ASR]1,train,1988,52
2023[Hf][nan]3[ASR]1,train,1990,50
2023[Ho][nan]3[ASR]2,train,1991,96
2023[In][dia]3[ASR]2,train,1992,111
2023[Mg][bpq]3[ASR]1,train,1993,105
2023[Mg][bpq]3[ASR]2,train,1994,121
2023[Mg][bpq]3[ASR]3,train,1995,168
2023[Mn][fsc]3[ASR]1,test,1996,115
2023[Mn][pcu]3[ASR]1,train,1997,78
2023[Mn][sql]2[ASR]1,train,1998,144
2023[Ni][ddi]3[ASR]3,train,1999,176
2023[Ni][dia]3[ASR]1,train,2000,45
2023[Ni][nan]2[ASR]1,train,2001,85
2023[Sc][bpq]3[ASR]1,train,2002,90
2023[Sc][bpq]3[ASR]2,train,2003,95
2023[Tb][nan]3[ASR]1,train,2004,88
2023[Tb][nan]3[ASR]3,train,2005,99
2023[Th][nan]3[ASR]1,train,2006,132
2023[Tm][nan]3[ASR]1,train,2007,95
2023[V][sea]3[ASR]1,train,2008,122
2023[Yb][nan]3[ASR]1,train,2009,124
2023[Yb][nan]3[ASR]2,train,2010,94
2023[Zn][dia]3[ASR]2,train,2011,73
2023[Zn][nan]2[ASR]4,train,2012,118
2023[Zn][nan]2[ASR]5,train,2013,68
2023[Zn][nan]3[ASR]1,train,2014,124
2023[Zn][nan]3[ASR]10,train,2015,98
2023[Zn][nan]3[ASR]16,train,2016,71
2023[Zn][nan]3[ASR]2,train,2017,114
2023[Zn][nan]3[ASR]24,train,2018,138
2023[Zn][nan]3[ASR]3,train,2019,155
2023[Zn][nan]3[ASR]4,train,2020,156
2023[Zn][nan]3[ASR]5,train,2021,145
2023[Zn][nan]3[ASR]6,train,2022,135
2023[Zn][nan]3[ASR]7,train,2023,150
2023[Zn][nan]3[ASR]8,train,2024,160
2023[Zn][nan]3[ASR]9,train,2025,103
2023[Zn][sql]2[ASR]1,train,2026,39
2023[Zn][sql]2[ASR]10,train,2027,38
2023[Zn][sql]2[ASR]11,train,2028,37
2023[Zn][sql]2[ASR]12,train,2029,53
2023[Zn][sql]2[ASR]13,train,2030,36
2023[Zn][sql]2[ASR]14,train,2031,39
2023[Zn][sql]2[ASR]15,train,2032,37
2023[Zn][sql]2[ASR]16,train,2033,39
2023[Zn][sql]2[ASR]17,train,2034,40
2023[Zn][sql]2[ASR]18,train,2035,38
2023[Zn][sql]2[ASR]19,train,2036,50
2023[Zn][sql]2[ASR]2,train,2037,39
2023[Zn][sql]2[ASR]20,train,2038,37
2023[Zn][sql]2[ASR]21,train,2039,40
2023[Zn][sql]2[ASR]22,train,2040,39
2023[Zn][sql]2[ASR]23,train,2041,39
2023[Zn][sql]2[ASR]26,train,2042,131
2023[Zn][sql]2[ASR]3,train,2043,39
2023[Zn][sql]2[ASR]4,train,2044,38
2023[Zn][sql]2[ASR]5,train,2045,36
2023[Zn][sql]2[ASR]6,train,2046,50
2023[Zn][sql]2[ASR]7,train,2047,38
2023[Zn][sql]2[ASR]8,train,2048,39
2023[Zn][sql]2[ASR]9,train,2049,38
2023[Zn][sra]3[ASR]1,train,2050,122
2023[Zr][nan]3[ASR]1,train,2051,51
2024[Cd][dia]3[ASR]1,train,2052,73
2024[Cd][nan]2[ASR]4,train,2053,39
2024[Co][pcu]3[ASR]1,train,2054,32
2024[Co][pcu]3[ASR]2,test,2055,117
2024[Co][sql]2[ASR]2,train,2056,34
2024[Cu][pcu]3[ASR]1,val,2057,33
2024[Cu][pcu]3[ASR]2,val,2058,32
2024[Cu][pcu]3[ASR]3,val,2059,32
2024[Cu][tfz]3[ASR]1,train,2060,86
2024[Eu][nan]3[ASR]2,train,2061,88
2024[Mn][pcu]3[ASR]1,train,2062,76
2024[Mn][pts]3[ASR]1,train,2063,63
2024[Mn][scu]3[ASR]1,train,2064,50
2024[Ni][sql]2[ASR]2,train,2065,78
2024[Zn][bnn]3[ASR]1,train,2066,36
2024[Zn][crb]3[ASR]1,train,2067,130
2024[Zn][crb]3[ASR]10,train,2068,131
2024[Zn][crb]3[ASR]11,train,2069,131
2024[Zn][crb]3[ASR]12,train,2070,130
2024[Zn][crb]3[ASR]13,train,2071,129
2024[Zn][crb]3[ASR]14,train,2072,131
2024[Zn][crb]3[ASR]15,train,2073,131
2024[Zn][crb]3[ASR]16,train,2074,130
2024[Zn][crb]3[ASR]17,train,2075,129
2024[Zn][crb]3[ASR]18,train,2076,131
2024[Zn][crb]3[ASR]19,train,2077,129
2024[Zn][crb]3[ASR]2,train,2078,131
2024[Zn][crb]3[ASR]20,train,2079,131
2024[Zn][crb]3[ASR]21,train,2080,129
2024[Zn][crb]3[ASR]22,train,2081,132
2024[Zn][crb]3[ASR]23,train,2082,131
2024[Zn][crb]3[ASR]24,train,2083,130
2024[Zn][crb]3[ASR]25,train,2084,131
2024[Zn][crb]3[ASR]26,train,2085,130
2024[Zn][crb]3[ASR]27,train,2086,131
2024[Zn][crb]3[ASR]28,train,2087,131
2024[Zn][crb]3[ASR]29,train,2088,128
2024[Zn][crb]3[ASR]3,train,2089,130
2024[Zn][crb]3[ASR]30,train,2090,134
2024[Zn][crb]3[ASR]31,train,2091,135
2024[Zn][crb]3[ASR]32,train,2092,131
2024[Zn][crb]3[ASR]4,train,2093,134
2024[Zn][crb]3[ASR]5,train,2094,129
2024[Zn][crb]3[ASR]6,train,2095,130
2024[Zn][crb]3[ASR]7,train,2096,130
2024[Zn][crb]3[ASR]8,train,2097,133
2024[Zn][crb]3[ASR]9,train,2098,129
2024[Zn][sql]2[ASR]3,train,2099,99
2024[Zn][sql]2[ASR]4,train,2100,35
2024[Zn][sra]3[ASR]1,test,2101,161
2024[Zn][sra]3[ASR]2,test,2102,159
